0,1
generations,20
cross_over_prob,0.76
mutation_prob,0.2
population_size,15
chromosome_bits,23
elitism,True

G,1-Máx,2-Mín,3-Promedio,4-Total,5-Rango,6-Cromosoma,7-Estable
0,4.447805008228439e-05,3.784868097346807e-05,4.0567479805370456e-05,0.0006085121970805568,6.62936910881632e-06,"[10, 12, 18, 15, 16, 8, 0, 5, 4, 13, 14, 7, 11, 6, 21, 17, 1, 3, 2, 19, 20, 22, 9]",0
1,4.459706551308924e-05,3.6770113251948816e-05,3.82624266417653e-05,0.0005739363996264795,7.82695226114042e-06,"[9, 21, 3, 19, 15, 5, 14, 11, 8, 22, 17, 18, 1, 0, 13, 12, 6, 10, 16, 20, 2, 7, 4]",1
2,4.710093730865244e-05,3.58179017873133e-05,3.811136466294967e-05,0.0005716704699442451,1.1283035521339139e-05,"[5, 11, 6, 12, 16, 8, 14, 15, 4, 1, 18, 20, 19, 21, 22, 7, 9, 3, 2, 10, 13, 0, 17]",2
3,4.710093730865244e-05,3.473669584549118e-05,3.7927029922911254e-05,0.0005689054488436688,1.236424146316126e-05,"[5, 11, 6, 12, 16, 8, 14, 15, 4, 1, 18, 20, 19, 21, 22, 7, 9, 3, 2, 10, 13, 0, 17]",2
4,4.710093730865244e-05,3.3358908496513995e-05,3.909231490221831e-05,0.0005863847235332747,1.3742028812138444e-05,"[5, 11, 6, 12, 16, 8, 14, 15, 4, 1, 18, 20, 19, 21, 22, 7, 9, 3, 2, 10, 13, 0, 17]",2
5,4.710093730865244e-05,3.6301593639960794e-05,3.995750513665025e-05,0.0005993625770497538,1.0799343668691645e-05,"[5, 11, 6, 12, 16, 8, 14, 15, 4, 1, 18, 20, 19, 21, 22, 7, 9, 3, 2, 10, 13, 0, 17]",2
6,4.710093730865244e-05,3.965421524308034e-05,4.060701348675632e-05,0.0006091052023013448,7.446722065572098e-06,"[5, 11, 6, 12, 16, 8, 14, 15, 4, 1, 18, 20, 19, 21, 22, 7, 9, 3, 2, 10, 13, 0, 17]",2
7,5.297171310520182e-05,3.965421524308034e-05,4.131179004877865e-05,0.0006196768507316798,1.3317497862121478e-05,"[9, 11, 3, 12, 16, 5, 14, 15, 4, 1, 17, 18, 19, 21, 22, 7, 6, 10, 2, 20, 13, 0, 8]",7
8,5.297171310520182e-05,3.904419803217242e-05,4.101242583135106e-05,0.0006151863874702659,1.3927515073029398e-05,"[9, 11, 3, 12, 16, 5, 14, 15, 4, 1, 17, 18, 19, 21, 22, 7, 6, 10, 2, 20, 13, 0, 8]",7
9,5.5117676238769775e-05,3.9018299582504195e-05,4.264271767429462e-05,0.0006396407651144193,1.609937665626558e-05,"[9, 11, 3, 1, 16, 5, 14, 15, 0, 4, 17, 18, 19, 21, 22, 7, 6, 10, 2, 20, 13, 12, 8]",9
10,5.5117676238769775e-05,3.9038101186758274e-05,4.40784916115678e-05,0.000661177374173517,1.6079575052011502e-05,"[9, 11, 3, 1, 16, 5, 14, 15, 0, 4, 17, 18, 19, 21, 22, 7, 6, 10, 2, 20, 13, 12, 8]",9
11,5.5117676238769775e-05,3.9018299582504195e-05,4.650263023563562e-05,0.0006975394535345343,1.609937665626558e-05,"[9, 11, 3, 1, 16, 5, 14, 15, 0, 4, 17, 18, 19, 21, 22, 7, 6, 10, 2, 20, 13, 12, 8]",9
12,5.616084465910367e-05,3.868023053417398e-05,4.655333927548068e-05,0.0006983000891322102,1.748061412492969e-05,"[9, 11, 3, 1, 16, 5, 14, 15, 0, 4, 17, 12, 19, 21, 22, 7, 6, 10, 2, 20, 13, 18, 8]",12
13,5.616084465910367e-05,3.868023053417398e-05,4.922081558237199e-05,0.0007383122337355798,1.748061412492969e-05,"[9, 11, 3, 1, 16, 5, 14, 15, 0, 4, 17, 12, 19, 21, 22, 7, 6, 10, 2, 20, 13, 18, 8]",12
14,5.660590965696819e-05,3.8009806530084765e-05,4.9767865619256625e-05,0.0007465179842888494,1.8596103126883426e-05,"[9, 11, 3, 1, 16, 5, 14, 15, 6, 4, 17, 18, 19, 21, 22, 7, 0, 10, 2, 20, 13, 12, 8]",14
15,5.660590965696819e-05,5.304195618734419e-05,5.1785783890491235e-05,0.0007767867583573686,3.5639534696240005e-06,"[9, 11, 3, 1, 16, 5, 14, 15, 6, 4, 17, 18, 19, 21, 22, 7, 0, 10, 2, 20, 13, 12, 8]",14
16,5.703855806525211e-05,4.570592805886923e-05,5.114793459194479e-05,0.0007672190188791719,1.1332630006382877e-05,"[9, 11, 3, 1, 18, 5, 14, 15, 0, 4, 17, 12, 19, 21, 22, 7, 6, 10, 2, 20, 13, 16, 8]",16
17,5.703855806525211e-05,5.304195618734419e-05,5.226909894544406e-05,0.0007840364841816609,3.996601877907919e-06,"[9, 11, 3, 1, 18, 5, 14, 15, 0, 4, 17, 12, 19, 21, 22, 7, 6, 10, 2, 20, 13, 16, 8]",16
18,5.703855806525211e-05,5.119541289100497e-05,5.176046058611784e-05,0.0007764069087917676,5.84314517424714e-06,"[9, 11, 3, 1, 18, 5, 14, 15, 0, 4, 17, 12, 19, 21, 22, 7, 6, 10, 2, 20, 13, 16, 8]",16
19,5.703855806525211e-05,4.657878801993572e-05,5.044129860966964e-05,0.0007566194791450445,1.0459770045316387e-05,"[9, 11, 3, 1, 18, 5, 14, 15, 0, 4, 17, 12, 19, 21, 22, 7, 6, 10, 2, 20, 13, 16, 8]",16

G,1-Máx,2-Mín,3-Promedio,4-Total,5-Rango,6-Cromosoma,7-Estable
0,4.45612940599795e-05,3.689356207341819e-05,3.9356204806560655e-05,0.0005903430720984098,7.66773198656131e-06,"[22, 6, 16, 0, 8, 13, 1, 3, 12, 21, 9, 5, 7, 19, 14, 18, 17, 4, 20, 15, 2, 10, 11]",0
1,4.5026790940609664e-05,3.6732295033793715e-05,3.7513118994161284e-05,0.0005626967849124192,8.29449590681595e-06,"[11, 5, 13, 14, 1, 9, 6, 3, 18, 12, 22, 15, 19, 16, 17, 7, 4, 20, 21, 0, 2, 10, 8]",1
2,4.5026790940609664e-05,3.797804868785842e-05,3.8806933857691786e-05,0.0005821040078653768,7.048742252751244e-06,"[11, 5, 13, 14, 1, 9, 6, 3, 18, 12, 22, 15, 19, 16, 17, 7, 4, 20, 21, 0, 2, 10, 8]",1
3,4.7087630079578097e-05,3.669455452810803e-05,3.9730544997511415e-05,0.0005959581749626713,1.0393075551470069e-05,"[22, 19, 16, 0, 3, 12, 13, 2, 6, 18, 9, 5, 14, 17, 4, 21, 11, 8, 20, 7, 1, 10, 15]",3
4,4.7087630079578097e-05,3.549875754348598e-05,4.0357265442364764e-05,0.0006053589816354714,1.1588872536092116e-05,"[22, 19, 16, 0, 3, 12, 13, 2, 6, 18, 9, 5, 14, 17, 4, 21, 11, 8, 20, 7, 1, 10, 15]",3
5,4.7087630079578097e-05,3.949915076825848e-05,4.208606767266585e-05,0.0006312910150899877,7.588479311319614e-06,"[22, 19, 16, 0, 3, 12, 13, 2, 6, 18, 9, 5, 14, 17, 4, 21, 11, 8, 20, 7, 1, 10, 15]",3
6,4.7087630079578097e-05,3.6667644470519214e-05,4.1718869796106263e-05,0.0006257830469415939,1.0419985609058882e-05,"[22, 19, 16, 0, 3, 12, 13, 2, 6, 18, 9, 5, 14, 17, 4, 21, 11, 8, 20, 7, 1, 10, 15]",3
7,4.9118326047448304e-05,3.6667644470519214e-05,4.27814675680385e-05,0.0006417220135205775,1.245068157692909e-05,"[22, 19, 16, 0, 3, 12, 13, 2, 10, 18, 9, 5, 14, 17, 4, 21, 11, 8, 20, 7, 1, 6, 15]",7
8,4.9118326047448304e-05,4.371966947929874e-05,4.3252148754927144e-05,0.0006487822313239072,5.3986565681495645e-06,"[22, 19, 16, 0, 3, 12, 13, 2, 10, 18, 9, 5, 14, 17, 4, 21, 11, 8, 20, 7, 1, 6, 15]",7
9,5.067653169817058e-05,4.371966947929874e-05,4.37958273369655e-05,0.0006569374100544825,6.95686221887184e-06,"[22, 19, 16, 0, 3, 12, 13, 20, 6, 18, 9, 5, 14, 17, 4, 21, 11, 8, 2, 7, 1, 10, 15]",9
10,5.132679772109018e-05,4.371966947929874e-05,4.437743590139443e-05,0.0006656615385209165,7.607128241791444e-06,"[22, 19, 16, 0, 3, 8, 13, 2, 10, 18, 9, 5, 14, 17, 12, 21, 11, 4, 20, 7, 1, 6, 15]",10
11,5.132679772109018e-05,4.260213862735909e-05,4.4087754712328595e-05,0.0006613163206849289,8.72465909373109e-06,"[22, 19, 16, 0, 3, 8, 13, 2, 10, 18, 9, 5, 14, 17, 12, 21, 11, 4, 20, 7, 1, 6, 15]",10
12,5.132679772109018e-05,3.89529448426301e-05,4.243199731167276e-05,0.0006364799596750914,1.2373852878460081e-05,"[22, 19, 16, 0, 3, 8, 13, 2, 10, 18, 9, 5, 14, 17, 12, 21, 11, 4, 20, 7, 1, 6, 15]",10
13,5.163688939378292e-05,3.89529448426301e-05,4.2294580343269696e-05,0.0006344187051490455,1.2683944551152815e-05,"[22, 19, 16, 0, 3, 8, 13, 7, 10, 18, 9, 5, 14, 17, 12, 21, 11, 4, 20, 2, 1, 6, 15]",13
14,5.163688939378292e-05,3.784724850503368e-05,4.299958884522013e-05,0.0006449938326783019,1.3789640888749236e-05,"[22, 19, 16, 0, 3, 8, 13, 7, 10, 18, 9, 5, 14, 17, 12, 21, 11, 4, 20, 2, 1, 6, 15]",13
15,5.163688939378292e-05,4.085467990358296e-05,4.386888146727861e-05,0.0006580332220091792,1.078220949019996e-05,"[22, 19, 16, 0, 3, 8, 13, 7, 10, 18, 9, 5, 14, 17, 12, 21, 11, 4, 20, 2, 1, 6, 15]",13
16,5.29829394934831e-05,4.085467990358296e-05,4.530293544476146e-05,0.0006795440316714219,1.2128259589900143e-05,"[22, 19, 14, 0, 3, 8, 13, 7, 10, 18, 9, 5, 16, 17, 12, 21, 11, 4, 20, 2, 1, 6, 15]",16
17,5.29829394934831e-05,4.085467990358296e-05,4.562501655519566e-05,0.0006843752483279349,1.2128259589900143e-05,"[22, 19, 14, 0, 3, 8, 13, 7, 10, 18, 9, 5, 16, 17, 12, 21, 11, 4, 20, 2, 1, 6, 15]",16
18,5.29829394934831e-05,4.101386268558773e-05,4.566490904178938e-05,0.0006849736356268407,1.1969076807895371e-05,"[22, 19, 14, 0, 3, 8, 13, 7, 10, 18, 9, 5, 16, 17, 12, 21, 11, 4, 20, 2, 1, 6, 15]",16
19,5.363080553469913e-05,3.804740706920823e-05,4.6288750037842504e-05,0.0006943312505676376,1.55833984654909e-05,"[9, 19, 14, 0, 3, 8, 13, 7, 10, 18, 22, 5, 16, 17, 12, 21, 11, 4, 20, 2, 1, 6, 15]",19

G,1-Máx,2-Mín,3-Promedio,4-Total,5-Rango,6-Cromosoma,7-Estable
0,4.951475539710834e-05,3.5020136578532657e-05,4.0063232688635666e-05,0.000600948490329535,1.449461881857568e-05,"[22, 17, 19, 1, 13, 14, 12, 20, 2, 16, 18, 6, 4, 7, 11, 21, 9, 15, 10, 8, 3, 5, 0]",0
1,4.951475539710834e-05,3.53082409434362e-05,3.907777700574852e-05,0.0005861666550862278,1.420651445367214e-05,"[22, 17, 19, 1, 13, 14, 12, 20, 2, 16, 18, 6, 4, 7, 11, 21, 9, 15, 10, 8, 3, 5, 0]",0
2,5.3424511165722836e-05,3.5535339895526104e-05,4.024197647136108e-05,0.0006036296470704162,1.7889171270196733e-05,"[6, 22, 18, 17, 7, 14, 3, 12, 4, 19, 9, 11, 21, 10, 16, 15, 5, 13, 2, 0, 1, 8, 20]",2
3,5.3424511165722836e-05,3.556314235925887e-05,4.2057285959560834e-05,0.0006308592893934126,1.786136880646397e-05,"[6, 22, 18, 17, 7, 14, 3, 12, 4, 19, 9, 11, 21, 10, 16, 15, 5, 13, 2, 0, 1, 8, 20]",2
4,5.3424511165722836e-05,3.620040544454098e-05,4.4703762070571546e-05,0.0006705564310585732,1.722410572118186e-05,"[6, 22, 18, 17, 7, 14, 3, 12, 4, 19, 9, 11, 21, 10, 16, 15, 5, 13, 2, 0, 1, 8, 20]",2
5,5.3424511165722836e-05,3.729395092116059e-05,4.408794608694107e-05,0.000661319191304116,1.6130560244562246e-05,"[6, 22, 18, 17, 7, 14, 3, 12, 4, 19, 9, 11, 21, 10, 16, 15, 5, 13, 2, 0, 1, 8, 20]",2
6,5.3424511165722836e-05,3.587701359738815e-05,4.375162305433225e-05,0.0006562743458149837,1.7547497568334685e-05,"[6, 22, 18, 17, 7, 14, 3, 12, 4, 19, 9, 11, 21, 10, 16, 15, 5, 13, 2, 0, 1, 8, 20]",2
7,5.3424511165722836e-05,3.959141658088527e-05,4.396677011057543e-05,0.0006595015516586314,1.383309458483757e-05,"[6, 22, 18, 17, 7, 14, 3, 12, 4, 19, 9, 11, 21, 10, 16, 15, 5, 13, 2, 0, 1, 8, 20]",2
8,5.367686527106817e-05,3.9320541050644855e-05,4.5798099441589516e-05,0.0006869714916238427,1.4356324220423312e-05,"[6, 17, 18, 1, 13, 14, 12, 20, 2, 19, 9, 11, 4, 7, 16, 0, 5, 15, 10, 8, 3, 22, 21]",8
9,5.367686527106817e-05,3.9320541050644855e-05,4.569202128964047e-05,0.000685380319344607,1.4356324220423312e-05,"[6, 17, 18, 1, 13, 14, 12, 20, 2, 19, 9, 11, 4, 7, 16, 0, 5, 15, 10, 8, 3, 22, 21]",8
10,5.367686527106817e-05,3.9320541050644855e-05,4.464393827323177e-05,0.0006696590740984765,1.4356324220423312e-05,"[6, 17, 18, 1, 13, 14, 12, 20, 2, 19, 9, 11, 4, 7, 16, 0, 5, 15, 10, 8, 3, 22, 21]",8
11,5.367686527106817e-05,3.9320541050644855e-05,4.280657244081814e-05,0.0006420985866122721,1.4356324220423312e-05,"[6, 17, 18, 1, 13, 14, 12, 20, 2, 19, 9, 11, 4, 7, 16, 0, 5, 15, 10, 8, 3, 22, 21]",8
12,5.4629882545752524e-05,4.324137334601747e-05,4.684406691468506e-05,0.0007026610037202759,1.1388509199735057e-05,"[6, 22, 18, 15, 7, 14, 3, 12, 4, 19, 9, 11, 21, 10, 16, 17, 5, 13, 2, 0, 1, 8, 20]",12
13,5.4629882545752524e-05,4.324137334601747e-05,4.5701690861433696e-05,0.0006855253629215054,1.1388509199735057e-05,"[6, 22, 18, 15, 7, 14, 3, 12, 4, 19, 9, 11, 21, 10, 16, 17, 5, 13, 2, 0, 1, 8, 20]",12
14,5.4629882545752524e-05,4.3466921672607145e-05,4.749878919736832e-05,0.0007124818379605248,1.116296087314538e-05,"[6, 22, 18, 15, 7, 14, 3, 12, 4, 19, 9, 11, 21, 10, 16, 17, 5, 13, 2, 0, 1, 8, 20]",12
15,5.7517542850569426e-05,4.3466921672607145e-05,4.9566053775788936e-05,0.000743490806636834,1.4050621177962281e-05,"[6, 22, 18, 15, 14, 7, 3, 12, 4, 19, 9, 11, 21, 10, 16, 17, 5, 13, 2, 0, 1, 8, 20]",15
16,5.7517542850569426e-05,4.3389595175077016e-05,4.8618970899153135e-05,0.000729284563487297,1.412794767549241e-05,"[6, 22, 18, 15, 14, 7, 3, 12, 4, 19, 9, 11, 21, 10, 16, 17, 5, 13, 2, 0, 1, 8, 20]",15
17,5.7517542850569426e-05,4.3466921672607145e-05,5.00195595920375e-05,0.0007502933938805625,1.4050621177962281e-05,"[6, 22, 18, 15, 14, 7, 3, 12, 4, 19, 9, 11, 21, 10, 16, 17, 5, 13, 2, 0, 1, 8, 20]",15
18,5.7517542850569426e-05,4.3466921672607145e-05,5.049527613883312e-05,0.0007574291420824967,1.4050621177962281e-05,"[6, 22, 18, 15, 14, 7, 3, 12, 4, 19, 9, 11, 21, 10, 16, 17, 5, 13, 2, 0, 1, 8, 20]",15
19,5.7517542850569426e-05,4.2951636457349025e-05,5.109382965437372e-05,0.0007664074448156058,1.4565906393220401e-05,"[6, 22, 18, 15, 14, 7, 3, 12, 4, 19, 9, 11, 21, 10, 16, 17, 5, 13, 2, 0, 1, 8, 20]",15

G,1-Máx,2-Mín,3-Promedio,4-Total,5-Rango,6-Cromosoma,7-Estable
0,4.7705371624844956e-05,3.3524422541821715e-05,4.0530190005332316e-05,0.0006079528500799847,1.4180949083023241e-05,"[18, 10, 3, 15, 12, 7, 1, 17, 5, 22, 8, 19, 11, 21, 4, 20, 2, 13, 16, 6, 14, 0, 9]",0
1,4.858850395996307e-05,3.4555444210235324e-05,3.9355098796798384e-05,0.0005903264819519758,1.4033059749727748e-05,"[3, 18, 7, 5, 22, 14, 9, 17, 20, 21, 11, 0, 4, 15, 13, 8, 2, 16, 6, 19, 10, 12, 1]",1
2,4.957120904178853e-05,3.467767104761244e-05,3.9843676075416636e-05,0.0005976551411312496,1.4893537994176086e-05,"[3, 18, 7, 5, 6, 14, 9, 17, 20, 21, 11, 0, 4, 15, 13, 8, 2, 16, 22, 19, 10, 12, 1]",2
3,4.957120904178853e-05,3.67403923873907e-05,4.118988676421409e-05,0.0006178483014632113,1.283081665439783e-05,"[3, 18, 7, 5, 6, 14, 9, 17, 20, 21, 11, 0, 4, 15, 13, 8, 2, 16, 22, 19, 10, 12, 1]",2
4,4.957120904178853e-05,3.740135392901223e-05,3.957084952723173e-05,0.000593562742908476,1.2169855112776301e-05,"[3, 18, 7, 5, 6, 14, 9, 17, 20, 21, 11, 0, 4, 15, 13, 8, 2, 16, 22, 19, 10, 12, 1]",2
5,5.160491278769739e-05,3.740135392901223e-05,4.192604987505528e-05,0.0006288907481258292,1.4203558858685165e-05,"[11, 21, 3, 15, 12, 7, 1, 17, 5, 22, 8, 19, 18, 10, 4, 20, 2, 13, 16, 6, 14, 0, 9]",5
6,5.160491278769739e-05,3.941818755173637e-05,4.422666622333522e-05,0.0006633999933500283,1.2186725235961022e-05,"[11, 21, 3, 15, 12, 7, 1, 17, 5, 22, 8, 19, 18, 10, 4, 20, 2, 13, 16, 6, 14, 0, 9]",5
7,5.286529921759357e-05,3.9992001599680064e-05,4.494696509368747e-05,0.000674204476405312,1.2873297617913506e-05,"[11, 21, 3, 5, 22, 7, 1, 17, 20, 15, 8, 19, 18, 10, 4, 16, 2, 13, 12, 6, 14, 0, 9]",7
8,5.286529921759357e-05,3.9992001599680064e-05,4.391384554123144e-05,0.0006587076831184715,1.2873297617913506e-05,"[11, 21, 3, 5, 22, 7, 1, 17, 20, 15, 8, 19, 18, 10, 4, 16, 2, 13, 12, 6, 14, 0, 9]",7
9,5.286529921759357e-05,4.36700292589196e-05,4.571578984750664e-05,0.0006857368477125996,9.195269958673968e-06,"[11, 21, 3, 5, 22, 7, 1, 17, 20, 15, 8, 19, 18, 10, 4, 16, 2, 13, 12, 6, 14, 0, 9]",7
10,5.286529921759357e-05,4.040240798351582e-05,4.640871037741841e-05,0.0006961306556612761,1.2462891234077752e-05,"[11, 21, 3, 5, 22, 7, 1, 17, 20, 15, 8, 19, 18, 10, 4, 16, 2, 13, 12, 6, 14, 0, 9]",7
11,5.286529921759357e-05,3.7627934978928356e-05,4.676350142605042e-05,0.0007014525213907563,1.5237364238665213e-05,"[11, 21, 3, 5, 22, 7, 1, 17, 20, 15, 8, 19, 18, 10, 4, 16, 2, 13, 12, 6, 14, 0, 9]",7
12,5.3772113781792764e-05,4.241061961915263e-05,4.739234208261584e-05,0.0007108851312392375,1.1361494162640131e-05,"[11, 21, 3, 5, 12, 7, 1, 17, 20, 15, 8, 19, 18, 10, 4, 16, 2, 13, 22, 6, 14, 0, 9]",12
13,5.3772113781792764e-05,4.148861137617724e-05,4.856263729332913e-05,0.000728439559399937,1.2283502405615527e-05,"[11, 21, 3, 5, 12, 7, 1, 17, 20, 15, 8, 19, 18, 10, 4, 16, 2, 13, 22, 6, 14, 0, 9]",12
14,5.3772113781792764e-05,4.148861137617724e-05,4.882431729744603e-05,0.0007323647594616904,1.2283502405615527e-05,"[11, 21, 3, 5, 12, 7, 1, 17, 20, 15, 8, 19, 18, 10, 4, 16, 2, 13, 22, 6, 14, 0, 9]",12
15,5.3772113781792764e-05,4.148861137617724e-05,4.8305268378472406e-05,0.000724579025677086,1.2283502405615527e-05,"[11, 21, 3, 5, 12, 7, 1, 17, 20, 15, 8, 19, 18, 10, 4, 16, 2, 13, 22, 6, 14, 0, 9]",12
16,5.5487737210076573e-05,4.507956543298923e-05,4.92493498454774e-05,0.000738740247682161,1.0408171777087345e-05,"[11, 21, 3, 5, 22, 8, 1, 17, 20, 15, 7, 19, 18, 10, 4, 16, 2, 13, 12, 6, 14, 0, 9]",16
17,5.8180125669071444e-05,4.148861137617724e-05,4.9369792606840486e-05,0.0007405468891026073,1.6691514292894208e-05,"[11, 21, 3, 5, 12, 8, 1, 17, 20, 15, 7, 19, 18, 10, 4, 16, 2, 13, 22, 6, 14, 0, 9]",17
18,5.8180125669071444e-05,5.121376626037079e-05,5.018340429085518e-05,0.0007527510643628276,6.966359408700657e-06,"[11, 21, 3, 5, 12, 8, 1, 17, 20, 15, 7, 19, 18, 10, 4, 16, 2, 13, 22, 6, 14, 0, 9]",17
19,5.8180125669071444e-05,5.286529921759357e-05,5.1483065570438674e-05,0.0007722459835565801,5.314826451477875e-06,"[11, 21, 3, 5, 12, 8, 1, 17, 20, 15, 7, 19, 18, 10, 4, 16, 2, 13, 22, 6, 14, 0, 9]",17

G,1-Máx,2-Mín,3-Promedio,4-Total,5-Rango,6-Cromosoma,7-Estable
0,3.769317753486619e-05,2.966478789676654e-05,3.3433732624373165e-05,0.0005015059893655974,8.02838963809965e-06,"[20, 9, 12, 2, 1, 22, 18, 19, 0, 5, 10, 13, 11, 15, 21, 6, 8, 7, 16, 14, 17, 4, 3]",0
1,3.769317753486619e-05,2.9591927322226496e-05,3.0828702705162136e-05,0.000462430540577432,8.101250212639693e-06,"[20, 9, 12, 2, 1, 22, 18, 19, 0, 5, 10, 13, 11, 15, 21, 6, 8, 7, 16, 14, 17, 4, 3]",0
2,4.1930479265378e-05,2.9591927322226496e-05,3.299130679510036e-05,0.0004948696019265054,1.2338551943151505e-05,"[12, 17, 16, 2, 1, 15, 18, 6, 0, 5, 10, 9, 11, 4, 21, 22, 19, 20, 7, 8, 14, 13, 3]",2
3,4.290924694271615e-05,3.015772490123345e-05,3.346164637478192e-05,0.0005019246956217288,1.2751522041482702e-05,"[21, 20, 3, 2, 1, 22, 18, 16, 0, 19, 8, 13, 11, 15, 12, 6, 9, 10, 7, 14, 17, 5, 4]",3
4,4.479283314669653e-05,3.165057762304162e-05,3.4543487514889106e-05,0.0005181523127233366,1.3142255523654912e-05,"[20, 17, 12, 2, 1, 15, 18, 6, 9, 5, 10, 0, 11, 4, 21, 22, 19, 7, 16, 8, 14, 13, 3]",4
5,4.479283314669653e-05,3.006433768264085e-05,3.5044244789455835e-05,0.0005256636718418375,1.472849546405568e-05,"[20, 17, 12, 2, 1, 15, 18, 6, 9, 5, 10, 0, 11, 4, 21, 22, 19, 7, 16, 8, 14, 13, 3]",4
6,4.479283314669653e-05,3.279441183222379e-05,3.712318493838621e-05,0.0005568477740757931,1.199842131447274e-05,"[20, 17, 12, 2, 1, 15, 18, 6, 9, 5, 10, 0, 11, 4, 21, 22, 19, 7, 16, 8, 14, 13, 3]",4
7,4.479283314669653e-05,3.279441183222379e-05,3.671348639909004e-05,0.0005507022959863506,1.199842131447274e-05,"[20, 17, 12, 2, 1, 15, 18, 6, 9, 5, 10, 0, 11, 4, 21, 22, 19, 7, 16, 8, 14, 13, 3]",4
8,4.479283314669653e-05,3.3214866974457765e-05,3.724067003976974e-05,0.000558610050596546,1.1577966172238766e-05,"[20, 17, 12, 2, 1, 15, 18, 6, 9, 5, 10, 0, 11, 4, 21, 22, 19, 7, 16, 8, 14, 13, 3]",4
9,4.479283314669653e-05,3.404023555843007e-05,3.7609023432433564e-05,0.0005641353514865034,1.0752597588266463e-05,"[20, 17, 12, 2, 1, 15, 18, 6, 9, 5, 10, 0, 11, 4, 21, 22, 19, 7, 16, 8, 14, 13, 3]",4
10,4.479283314669653e-05,3.515556336790297e-05,3.883841266416883e-05,0.0005825761899625325,9.63726977879356e-06,"[20, 17, 12, 2, 1, 15, 18, 6, 9, 5, 10, 0, 11, 4, 21, 22, 19, 7, 16, 8, 14, 13, 3]",4
11,4.488330341113106e-05,3.515556336790297e-05,3.8242894287899136e-05,0.000573643414318487,9.72774004322809e-06,"[20, 17, 12, 15, 1, 2, 18, 6, 9, 5, 10, 0, 11, 4, 21, 22, 19, 7, 16, 8, 14, 13, 3]",11
12,4.52447742285766e-05,3.593244699964068e-05,3.9704438375648524e-05,0.0005955665756347279,9.312327228935919e-06,"[20, 17, 4, 2, 1, 15, 18, 6, 9, 5, 10, 0, 11, 12, 21, 22, 19, 7, 16, 8, 14, 13, 3]",12
13,4.52447742285766e-05,3.593244699964068e-05,4.0351122287511227e-05,0.0006052668343126684,9.312327228935919e-06,"[20, 17, 4, 2, 1, 15, 18, 6, 9, 5, 10, 0, 11, 12, 21, 22, 19, 7, 16, 8, 14, 13, 3]",12
14,4.52447742285766e-05,3.593244699964068e-05,4.143034706190539e-05,0.0006214552059285808,9.312327228935919e-06,"[20, 17, 4, 2, 1, 15, 18, 6, 9, 5, 10, 0, 11, 12, 21, 22, 19, 7, 16, 8, 14, 13, 3]",12
15,4.644681839294008e-05,3.593244699964068e-05,4.124902856417207e-05,0.000618735428462581,1.0514371393299403e-05,"[20, 17, 12, 2, 1, 16, 18, 6, 9, 5, 10, 0, 11, 4, 21, 22, 19, 7, 15, 8, 14, 13, 3]",15
16,4.644681839294008e-05,3.593244699964068e-05,4.151720204238908e-05,0.0006227580306358363,1.0514371393299403e-05,"[20, 17, 12, 2, 1, 16, 18, 6, 9, 5, 10, 0, 11, 4, 21, 22, 19, 7, 15, 8, 14, 13, 3]",15
17,4.722550177095632e-05,3.593244699964068e-05,4.09026606916181e-05,0.0006135399103742716,1.1293054771315638e-05,"[20, 17, 12, 2, 1, 16, 18, 6, 9, 5, 10, 0, 11, 15, 21, 22, 19, 7, 4, 8, 14, 13, 3]",17
18,4.722550177095632e-05,3.889385865971763e-05,4.139982207838605e-05,0.0006209973311757908,8.331643111238686e-06,"[20, 17, 12, 2, 1, 16, 18, 6, 9, 5, 10, 0, 11, 15, 21, 22, 19, 7, 4, 8, 14, 13, 3]",17
19,4.722550177095632e-05,4.060419035244437e-05,4.25622590739071e-05,0.0006384338861086065,6.621311418511946e-06,"[20, 17, 12, 2, 1, 16, 18, 6, 9, 5, 10, 0, 11, 15, 21, 22, 19, 7, 4, 8, 14, 13, 3]",17

G,1-Máx,2-Mín,3-Promedio,4-Total,5-Rango,6-Cromosoma,7-Estable
0,3.904419803217242e-05,2.7501993894557357e-05,3.4096774369173195e-05,0.0005114516155375979,1.1542204137615065e-05,"[11, 2, 15, 12, 4, 0, 8, 6, 18, 7, 17, 16, 22, 10, 5, 14, 13, 1, 3, 9, 20, 19, 21]",0
1,3.904419803217242e-05,2.7501993894557357e-05,3.255466367256532e-05,0.0004883199550884798,1.1542204137615065e-05,"[11, 2, 15, 12, 4, 0, 8, 6, 18, 7, 17, 16, 22, 10, 5, 14, 13, 1, 3, 9, 20, 19, 21]",0
2,4.518548642176133e-05,2.7501993894557357e-05,3.287039650649221e-05,0.0004930559475973832,1.7683492527203975e-05,"[16, 13, 20, 8, 4, 3, 7, 11, 15, 18, 14, 21, 22, 19, 0, 17, 9, 5, 1, 10, 6, 2, 12]",2
3,4.518548642176133e-05,2.931863492435792e-05,3.475209156555695e-05,0.0005212813734833542,1.586685149740341e-05,"[16, 13, 20, 8, 4, 3, 7, 11, 15, 18, 14, 21, 22, 19, 0, 17, 9, 5, 1, 10, 6, 2, 12]",2
4,4.518548642176133e-05,2.9934742261869124e-05,3.489553261739903e-05,0.0005234329892609854,1.5250744159892207e-05,"[16, 13, 20, 8, 4, 3, 7, 11, 15, 18, 14, 21, 22, 19, 0, 17, 9, 5, 1, 10, 6, 2, 12]",2
5,4.518548642176133e-05,3.265519380857525e-05,3.7569417226630224e-05,0.0005635412583994534,1.2530292613186079e-05,"[16, 13, 20, 8, 4, 3, 7, 11, 15, 18, 14, 21, 22, 19, 0, 17, 9, 5, 1, 10, 6, 2, 12]",2
6,4.518548642176133e-05,3.265519380857525e-05,3.9414012450723984e-05,0.0005912101867608597,1.2530292613186079e-05,"[16, 13, 20, 8, 4, 3, 7, 11, 15, 18, 14, 21, 22, 19, 0, 17, 9, 5, 1, 10, 6, 2, 12]",2
7,4.518548642176133e-05,3.265519380857525e-05,3.998018687506e-05,0.0005997028031259,1.2530292613186079e-05,"[16, 13, 20, 8, 4, 3, 7, 11, 15, 18, 14, 21, 22, 19, 0, 17, 9, 5, 1, 10, 6, 2, 12]",2
8,4.646408326363721e-05,3.265519380857525e-05,4.058765476801082e-05,0.0006088148215201624,1.3808889455061958e-05,"[16, 13, 20, 8, 4, 3, 7, 11, 10, 18, 14, 21, 22, 19, 0, 17, 9, 5, 1, 15, 6, 2, 12]",8
9,4.646408326363721e-05,4.518548642176133e-05,4.234360023922736e-05,0.0006351540035884104,1.2785968418758793e-06,"[16, 13, 20, 8, 4, 3, 7, 11, 10, 18, 14, 21, 22, 19, 0, 17, 9, 5, 1, 15, 6, 2, 12]",8
10,4.646408326363721e-05,4.518548642176133e-05,4.251407981814413e-05,0.0006377111972721619,1.2785968418758793e-06,"[16, 13, 20, 8, 4, 3, 7, 11, 10, 18, 14, 21, 22, 19, 0, 17, 9, 5, 1, 15, 6, 2, 12]",8
11,4.646408326363721e-05,4.506534474988734e-05,4.259131016281093e-05,0.0006388696524421639,1.3987385137498716e-06,"[16, 13, 20, 8, 4, 3, 7, 11, 10, 18, 14, 21, 22, 19, 0, 17, 9, 5, 1, 15, 6, 2, 12]",8
12,4.738887309259786e-05,4.2124773579342014e-05,4.2485674383792e-05,0.00063728511575688,5.264099513255847e-06,"[16, 13, 20, 8, 4, 3, 7, 11, 10, 18, 14, 21, 22, 19, 0, 17, 9, 2, 1, 15, 6, 5, 12]",12
13,4.738887309259786e-05,3.629105425512611e-05,4.190344725912408e-05,0.0006285517088868612,1.1097818837471751e-05,"[16, 13, 20, 8, 4, 3, 7, 11, 10, 18, 14, 21, 22, 19, 0, 17, 9, 2, 1, 15, 6, 5, 12]",12
14,4.738887309259786e-05,3.629105425512611e-05,4.1760604817065435e-05,0.0006264090722559816,1.1097818837471751e-05,"[16, 13, 20, 8, 4, 3, 7, 11, 10, 18, 14, 21, 22, 19, 0, 17, 9, 2, 1, 15, 6, 5, 12]",12
15,4.738887309259786e-05,3.929427482415812e-05,4.2172763145655226e-05,0.0006325914471848284,8.09459826843974e-06,"[16, 13, 20, 8, 4, 3, 7, 11, 10, 18, 14, 21, 22, 19, 0, 17, 9, 2, 1, 15, 6, 5, 12]",12
16,4.738887309259786e-05,4.386926957666155e-05,4.331240837836431e-05,0.0006496861256754646,3.519603515936314e-06,"[16, 13, 20, 8, 4, 3, 7, 11, 10, 18, 14, 21, 22, 19, 0, 17, 9, 2, 1, 15, 6, 5, 12]",12
17,4.738887309259786e-05,4.386926957666155e-05,4.340590164985459e-05,0.0006510885247478188,3.519603515936314e-06,"[16, 13, 20, 8, 4, 3, 7, 11, 10, 18, 14, 21, 22, 19, 0, 17, 9, 2, 1, 15, 6, 5, 12]",12
18,4.738887309259786e-05,4.316857327865314e-05,4.3033221450403994e-05,0.0006454983217560599,4.220299813944718e-06,"[16, 13, 20, 8, 4, 3, 7, 11, 10, 18, 14, 21, 22, 19, 0, 17, 9, 2, 1, 15, 6, 5, 12]",12
19,4.7523999619808e-05,4.386926957666155e-05,4.328897232423303e-05,0.0006493345848634955,3.654730043146455e-06,"[13, 16, 20, 8, 4, 3, 7, 11, 10, 18, 14, 21, 22, 19, 0, 17, 9, 2, 1, 15, 6, 5, 12]",19

G,1-Máx,2-Mín,3-Promedio,4-Total,5-Rango,6-Cromosoma,7-Estable
0,4.171359446043466e-05,2.8930999566035007e-05,3.281432085763296e-05,0.0004922148128644944,1.2782594894399652e-05,"[8, 7, 14, 21, 22, 1, 4, 6, 19, 20, 17, 0, 18, 9, 3, 11, 10, 15, 13, 16, 5, 2, 12]",0
1,4.171359446043466e-05,2.895780847305476e-05,3.214244425739695e-05,0.0004821366638609542,1.27557859873799e-05,"[8, 7, 14, 21, 22, 1, 4, 6, 19, 20, 17, 0, 18, 9, 3, 11, 10, 15, 13, 16, 5, 2, 12]",0
2,4.171359446043466e-05,2.891844997108155e-05,3.229879538482874e-05,0.0004844819307724311,1.2795144489353108e-05,"[8, 7, 14, 21, 22, 1, 4, 6, 19, 20, 17, 0, 18, 9, 3, 11, 10, 15, 13, 16, 5, 2, 12]",0
3,4.171359446043466e-05,2.8426857695150378e-05,3.2924178787247626e-05,0.0004938626818087144,1.328673676528428e-05,"[8, 7, 14, 21, 22, 1, 4, 6, 19, 20, 17, 0, 18, 9, 3, 11, 10, 15, 13, 16, 5, 2, 12]",0
4,4.171359446043466e-05,2.912395153774464e-05,3.4606825120886974e-05,0.0005191023768133046,1.2589642922690019e-05,"[8, 7, 14, 21, 22, 1, 4, 6, 19, 20, 17, 0, 18, 9, 3, 11, 10, 15, 13, 16, 5, 2, 12]",0
5,4.2083999663328004e-05,3.0656039239730225e-05,3.74064989704864e-05,0.0005610974845572961,1.1427960423597779e-05,"[8, 7, 14, 21, 22, 10, 4, 6, 19, 20, 17, 0, 18, 9, 3, 11, 1, 15, 13, 16, 5, 2, 12]",5
6,4.2083999663328004e-05,3.3317785033650966e-05,3.6912160336001354e-05,0.0005536824050400203,8.766214629677038e-06,"[8, 7, 14, 21, 22, 10, 4, 6, 19, 20, 17, 0, 18, 9, 3, 11, 1, 15, 13, 16, 5, 2, 12]",5
7,4.2083999663328004e-05,3.7415347775657576e-05,3.775699614465374e-05,0.0005663549421698061,4.668651887670428e-06,"[8, 7, 14, 21, 22, 10, 4, 6, 19, 20, 17, 0, 18, 9, 3, 11, 1, 15, 13, 16, 5, 2, 12]",5
8,4.2083999663328004e-05,3.2274722437387036e-05,3.710721506741635e-05,0.0005566082260112453,9.809277225940968e-06,"[8, 7, 14, 21, 22, 10, 4, 6, 19, 20, 17, 0, 18, 9, 3, 11, 1, 15, 13, 16, 5, 2, 12]",5
9,4.2121224885219664e-05,3.7415347775657576e-05,3.857583256439185e-05,0.0005786374884658777,4.705877109562088e-06,"[8, 7, 14, 21, 22, 10, 4, 6, 19, 20, 17, 0, 18, 9, 3, 11, 1, 5, 13, 16, 15, 2, 12]",9
10,4.2121224885219664e-05,3.731900283624421e-05,3.8926249980151996e-05,0.0005838937497022799,4.8022220489754515e-06,"[8, 7, 14, 21, 22, 10, 4, 6, 19, 20, 17, 0, 18, 9, 3, 11, 1, 5, 13, 16, 15, 2, 12]",9
11,4.2121224885219664e-05,3.891656288916563e-05,3.901581280993719e-05,0.0005852371921490579,3.2046619960540354e-06,"[8, 7, 14, 21, 22, 10, 4, 6, 19, 20, 17, 0, 18, 9, 3, 11, 1, 5, 13, 16, 15, 2, 12]",9
12,4.2121224885219664e-05,3.891656288916563e-05,3.881371244978456e-05,0.0005822056867467684,3.2046619960540354e-06,"[8, 7, 14, 21, 22, 10, 4, 6, 19, 20, 17, 0, 18, 9, 3, 11, 1, 5, 13, 16, 15, 2, 12]",9
13,4.490547397727783e-05,3.694945314809341e-05,3.90270617995234e-05,0.0005854059269928511,7.956020829184416e-06,"[8, 7, 14, 21, 22, 10, 4, 6, 19, 20, 17, 0, 18, 9, 5, 11, 1, 15, 13, 16, 3, 2, 12]",13
14,4.490547397727783e-05,3.7185780157667706e-05,3.924061362353946e-05,0.000588609204353092,7.719693819610121e-06,"[8, 7, 14, 21, 22, 10, 4, 6, 19, 20, 17, 0, 18, 9, 5, 11, 1, 15, 13, 16, 3, 2, 12]",13
15,4.61403589719928e-05,3.4891835310537335e-05,3.9403471374758605e-05,0.0005910520706213791,1.1248523661455464e-05,"[4, 7, 14, 21, 22, 10, 8, 6, 19, 20, 17, 0, 18, 9, 5, 11, 1, 15, 13, 16, 3, 2, 12]",15
16,4.61403589719928e-05,3.707548568886252e-05,4.01488836070499e-05,0.0006022332541057485,9.064873283130278e-06,"[4, 7, 14, 21, 22, 10, 8, 6, 19, 20, 17, 0, 18, 9, 5, 11, 1, 15, 13, 16, 3, 2, 12]",15
17,4.61403589719928e-05,3.533069530808366e-05,3.980270372280271e-05,0.0005970405558420407,1.0809663663909138e-05,"[4, 7, 14, 21, 22, 10, 8, 6, 19, 20, 17, 0, 18, 9, 5, 11, 1, 15, 13, 16, 3, 2, 12]",15
18,4.61403589719928e-05,3.8346498964644526e-05,3.996968798614348e-05,0.0005995453197921522,7.793860007348272e-06,"[4, 7, 14, 21, 22, 10, 8, 6, 19, 20, 17, 0, 18, 9, 5, 11, 1, 15, 13, 16, 3, 2, 12]",15
19,4.61403589719928e-05,3.8346498964644526e-05,3.993668429147701e-05,0.0005990502643721552,7.793860007348272e-06,"[4, 7, 14, 21, 22, 10, 8, 6, 19, 20, 17, 0, 18, 9, 5, 11, 1, 15, 13, 16, 3, 2, 12]",15

G,1-Máx,2-Mín,3-Promedio,4-Total,5-Rango,6-Cromosoma,7-Estable
0,3.887420307883688e-05,2.8415548988406457e-05,3.253214003789001e-05,0.0004879821005683502,1.0458654090430426e-05,"[21, 0, 6, 9, 16, 22, 19, 18, 7, 17, 10, 2, 15, 14, 13, 4, 20, 1, 11, 12, 3, 8, 5]",0
1,4.478280340349306e-05,2.7614392621434293e-05,3.080168026227599e-05,0.00046202520393413983,1.7168410782058765e-05,"[20, 0, 1, 9, 14, 22, 21, 19, 18, 16, 10, 7, 6, 2, 13, 4, 5, 17, 11, 12, 3, 8, 15]",1
2,4.478280340349306e-05,2.85143997718848e-05,3.370224340830911e-05,0.0005055336511246367,1.6268403631608257e-05,"[20, 0, 1, 9, 14, 22, 21, 19, 18, 16, 10, 7, 6, 2, 13, 4, 5, 17, 11, 12, 3, 8, 15]",1
3,4.478280340349306e-05,2.938583602703497e-05,3.382900799324604e-05,0.0005074351198986907,1.539696737645809e-05,"[20, 0, 1, 9, 14, 22, 21, 19, 18, 16, 10, 7, 6, 2, 13, 4, 5, 17, 11, 12, 3, 8, 15]",1
4,4.478280340349306e-05,2.92654375182909e-05,3.4072382787901225e-05,0.0005110857418185184,1.551736588520216e-05,"[20, 0, 1, 9, 14, 22, 21, 19, 18, 16, 10, 7, 6, 2, 13, 4, 5, 17, 11, 12, 3, 8, 15]",1
5,4.633490872022982e-05,2.938583602703497e-05,3.607553138979363e-05,0.0005411329708469044,1.6949072693194854e-05,"[0, 19, 6, 9, 16, 22, 21, 18, 20, 17, 10, 2, 15, 14, 13, 4, 7, 1, 11, 12, 3, 8, 5]",5
6,4.633490872022982e-05,2.994549919147152e-05,3.692415736275796e-05,0.0005538623604413694,1.6389409528758302e-05,"[0, 19, 6, 9, 16, 22, 21, 18, 20, 17, 10, 2, 15, 14, 13, 4, 7, 1, 11, 12, 3, 8, 5]",5
7,4.909662215239592e-05,2.994549919147152e-05,3.825431507103229e-05,0.0005738147260654844,1.9151122960924398e-05,"[20, 0, 6, 9, 16, 22, 21, 19, 18, 17, 10, 2, 15, 14, 13, 4, 7, 1, 11, 12, 3, 8, 5]",7
8,5.441584589432443e-05,3.097125867195243e-05,4.1850381020434016e-05,0.0006277557153065102,2.3444587222372e-05,"[20, 0, 6, 9, 16, 22, 21, 19, 18, 17, 10, 7, 15, 14, 13, 4, 2, 1, 11, 12, 3, 8, 5]",8
9,5.441584589432443e-05,4.18848167539267e-05,4.524031989216811e-05,0.0006786047983825216,1.2531029140397729e-05,"[20, 0, 6, 9, 16, 22, 21, 19, 18, 17, 10, 7, 15, 14, 13, 4, 2, 1, 11, 12, 3, 8, 5]",8
10,5.441584589432443e-05,4.0716612377850165e-05,4.46228071903698e-05,0.000669342107855547,1.3699233516474263e-05,"[20, 0, 6, 9, 16, 22, 21, 19, 18, 17, 10, 7, 15, 14, 13, 4, 2, 1, 11, 12, 3, 8, 5]",8
11,5.441584589432443e-05,4.218875247858921e-05,4.397620774812953e-05,0.000659643116221943,1.222709341573522e-05,"[20, 0, 6, 9, 16, 22, 21, 19, 18, 17, 10, 7, 15, 14, 13, 4, 2, 1, 11, 12, 3, 8, 5]",8
12,5.441584589432443e-05,4.218875247858921e-05,4.551570719556821e-05,0.0006827356079335231,1.222709341573522e-05,"[20, 0, 6, 9, 16, 22, 21, 19, 18, 17, 10, 7, 15, 14, 13, 4, 2, 1, 11, 12, 3, 8, 5]",8
13,5.441584589432443e-05,3.9920159680638724e-05,4.5098924936297896e-05,0.0006764838740444684,1.4495686213685703e-05,"[20, 0, 6, 9, 16, 22, 21, 19, 18, 17, 10, 7, 15, 14, 13, 4, 2, 1, 11, 12, 3, 8, 5]",8
14,5.441584589432443e-05,4.218875247858921e-05,4.542520822733918e-05,0.0006813781234100877,1.222709341573522e-05,"[20, 0, 6, 9, 16, 22, 21, 19, 18, 17, 10, 7, 15, 14, 13, 4, 2, 1, 11, 12, 3, 8, 5]",8
15,5.441584589432443e-05,4.218875247858921e-05,4.521433761677215e-05,0.0006782150642515823,1.222709341573522e-05,"[20, 0, 6, 9, 16, 22, 21, 19, 18, 17, 10, 7, 15, 14, 13, 4, 2, 1, 11, 12, 3, 8, 5]",8
16,5.5199823360565245e-05,3.872666718302223e-05,4.5663871012384376e-05,0.0006849580651857657,1.6473156177543015e-05,"[20, 0, 6, 5, 16, 22, 21, 19, 18, 17, 10, 7, 15, 14, 13, 4, 2, 1, 11, 12, 3, 8, 9]",16
17,5.525777753218766e-05,3.872666718302223e-05,4.700182458097332e-05,0.0007050273687145998,1.6531110349165428e-05,"[20, 0, 6, 9, 11, 22, 21, 19, 18, 17, 10, 7, 15, 14, 13, 4, 2, 1, 16, 12, 3, 8, 5]",17
18,5.525777753218766e-05,4.4410889550117686e-05,4.831404742422455e-05,0.0007247107113633683,1.0846887982069973e-05,"[20, 0, 6, 9, 11, 22, 21, 19, 18, 17, 10, 7, 15, 14, 13, 4, 2, 1, 16, 12, 3, 8, 5]",17
19,5.525777753218766e-05,3.594536304816679e-05,4.7138498009442375e-05,0.0007070774701416357,1.931241448402087e-05,"[20, 0, 6, 9, 11, 22, 21, 19, 18, 17, 10, 7, 15, 14, 13, 4, 2, 1, 16, 12, 3, 8, 5]",17

G,1-Máx,2-Mín,3-Promedio,4-Total,5-Rango,6-Cromosoma,7-Estable
0,3.664614482556435e-05,2.797281042826373e-05,3.206135401760476e-05,0.00048092031026407135,8.673334397300621e-06,"[7, 21, 20, 15, 8, 9, 2, 13, 1, 6, 17, 19, 10, 3, 5, 4, 12, 11, 22, 14, 0, 16, 18]",0
1,3.664614482556435e-05,2.841958677920823e-05,2.965008692330151e-05,0.00044475130384952265,8.22655804635612e-06,"[7, 21, 20, 15, 8, 9, 2, 13, 1, 6, 17, 19, 10, 3, 5, 4, 12, 11, 22, 14, 0, 16, 18]",0
2,3.664614482556435e-05,3.0358227079538556e-05,3.1406259357391734e-05,0.00047109389036087597,6.287917746025794e-06,"[7, 21, 20, 15, 8, 9, 2, 13, 1, 6, 17, 19, 10, 3, 5, 4, 12, 11, 22, 14, 0, 16, 18]",0
3,3.764351590438547e-05,3.0025521693439423e-05,3.162888702657724e-05,0.00047443330539865864,7.617994210946045e-06,"[6, 5, 22, 21, 10, 14, 19, 13, 17, 9, 0, 12, 1, 2, 7, 11, 16, 20, 8, 3, 15, 18, 4]",3
4,3.764351590438547e-05,2.9403981299067892e-05,3.029525908608313e-05,0.000454428886291247,8.239534605317575e-06,"[6, 5, 22, 21, 10, 14, 19, 13, 17, 9, 0, 12, 1, 2, 7, 11, 16, 20, 8, 3, 15, 18, 4]",3
5,3.764351590438547e-05,2.9074838634645577e-05,2.9736214216337117e-05,0.0004460432132450568,8.56867726973989e-06,"[6, 5, 22, 21, 10, 14, 19, 13, 17, 9, 0, 12, 1, 2, 7, 11, 16, 20, 8, 3, 15, 18, 4]",3
6,3.764351590438547e-05,2.8710057133013694e-05,3.065094946074728e-05,0.00045976424191120926,8.933458771371774e-06,"[6, 5, 22, 21, 10, 14, 19, 13, 17, 9, 0, 12, 1, 2, 7, 11, 16, 20, 8, 3, 15, 18, 4]",3
7,3.764351590438547e-05,2.8513586724074022e-05,3.135733216062675e-05,0.00047035998240940117,9.129929180311446e-06,"[6, 5, 22, 21, 10, 14, 19, 13, 17, 9, 0, 12, 1, 2, 7, 11, 16, 20, 8, 3, 15, 18, 4]",3
8,3.802281368821293e-05,2.8656579550664832e-05,3.181359949038774e-05,0.00047720399235581606,9.366234137548096e-06,"[7, 21, 20, 15, 8, 9, 13, 2, 1, 6, 10, 19, 17, 3, 5, 4, 12, 11, 22, 14, 0, 16, 18]",8
9,3.802281368821293e-05,2.8656579550664832e-05,3.2517798303519054e-05,0.00048776697455278585,9.366234137548096e-06,"[7, 21, 20, 15, 8, 9, 13, 2, 1, 6, 10, 22, 17, 3, 5, 4, 12, 11, 19, 14, 0, 16, 18]",9
10,3.802281368821293e-05,3.139027529271432e-05,3.3168345073869176e-05,0.0004975251761080376,6.632538395498608e-06,"[7, 21, 20, 15, 8, 9, 13, 2, 1, 6, 10, 22, 17, 3, 5, 4, 12, 11, 19, 14, 0, 16, 18]",9
11,3.802281368821293e-05,3.139027529271432e-05,3.2882677261531926e-05,0.0004932401589229789,6.632538395498608e-06,"[7, 21, 20, 15, 8, 9, 13, 2, 1, 6, 10, 22, 17, 3, 5, 4, 12, 11, 19, 14, 0, 16, 18]",9
12,3.8865137971239795e-05,3.239390994493035e-05,3.363846386545444e-05,0.0005045769579818167,6.471228026309443e-06,"[7, 21, 20, 6, 8, 9, 13, 2, 1, 15, 10, 22, 17, 3, 5, 4, 12, 11, 19, 14, 0, 16, 18]",12
13,3.830683777054204e-05,3.195194427580918e-05,3.3302293270537616e-05,0.0004995343990580642,6.354893494732859e-06,"[5, 21, 20, 6, 8, 9, 13, 2, 1, 15, 10, 22, 17, 3, 7, 4, 12, 11, 19, 14, 0, 16, 18]",13
14,3.830683777054204e-05,3.282886313646958e-05,3.3359974531219486e-05,0.0005003996179682923,5.477974634072459e-06,"[5, 21, 20, 6, 8, 9, 13, 2, 1, 15, 10, 22, 17, 3, 7, 4, 12, 11, 19, 14, 0, 16, 18]",13
15,3.830683777054204e-05,3.282886313646958e-05,3.347680986434437e-05,0.0005021521479651656,5.477974634072459e-06,"[5, 21, 20, 6, 8, 9, 13, 2, 1, 15, 10, 22, 17, 3, 7, 4, 12, 11, 19, 14, 0, 16, 18]",13
16,3.830683777054204e-05,3.282886313646958e-05,3.3772994960029345e-05,0.0005065949244004402,5.477974634072459e-06,"[5, 21, 20, 6, 8, 9, 13, 2, 1, 15, 10, 22, 17, 3, 7, 4, 12, 11, 19, 14, 0, 16, 18]",13
17,3.888024883359253e-05,3.3434752081313316e-05,3.4692460662158206e-05,0.0005203869099323731,5.445496752279217e-06,"[5, 21, 20, 6, 8, 9, 12, 2, 1, 15, 10, 22, 17, 3, 7, 4, 13, 11, 19, 14, 0, 16, 18]",17
18,3.903048280707232e-05,3.3434752081313316e-05,3.44024816678689e-05,0.0005160372250180335,5.595730725759005e-06,"[5, 21, 20, 6, 8, 9, 13, 2, 1, 15, 10, 22, 17, 11, 7, 4, 12, 3, 19, 14, 0, 16, 18]",18
19,4.063223761732559e-05,3.3434752081313316e-05,3.455200775431643e-05,0.0005182801163147464,7.197485536012274e-06,"[5, 21, 20, 6, 8, 9, 12, 2, 1, 15, 10, 11, 17, 3, 7, 4, 13, 22, 19, 14, 0, 16, 18]",19

G,1-Máx,2-Mín,3-Promedio,4-Total,5-Rango,6-Cromosoma,7-Estable
0,4.8199739721405505e-05,2.699856907583898e-05,3.31149581795033e-05,0.0004967243726925495,2.1201170645566524e-05,"[13, 18, 20, 22, 21, 14, 11, 4, 15, 6, 19, 12, 5, 7, 17, 1, 2, 3, 8, 9, 10, 16, 0]",0
1,4.8199739721405505e-05,2.884005306569764e-05,3.262479852222319e-05,0.0004893719778333479,1.9359686655707864e-05,"[13, 18, 20, 22, 21, 14, 11, 4, 15, 6, 19, 12, 5, 7, 17, 1, 2, 3, 8, 9, 10, 16, 0]",0
2,4.8199739721405505e-05,2.77623542476402e-05,3.2423165532898665e-05,0.00048634748299348,2.0437385473765305e-05,"[13, 18, 20, 22, 21, 14, 11, 4, 15, 6, 19, 12, 5, 7, 17, 1, 2, 3, 8, 9, 10, 16, 0]",0
3,4.8199739721405505e-05,3.269683494637719e-05,3.754888060211574e-05,0.0005632332090317362,1.5502904775028317e-05,"[13, 18, 20, 22, 21, 14, 11, 4, 15, 6, 19, 12, 5, 7, 17, 1, 2, 3, 8, 9, 10, 16, 0]",0
4,4.8199739721405505e-05,3.269683494637719e-05,3.807022235615732e-05,0.0005710533353423598,1.5502904775028317e-05,"[13, 18, 20, 22, 21, 14, 11, 4, 15, 6, 19, 12, 5, 7, 17, 1, 2, 3, 8, 9, 10, 16, 0]",0
5,4.8199739721405505e-05,3.269683494637719e-05,4.097479467362882e-05,0.0006146219201044323,1.5502904775028317e-05,"[13, 18, 20, 22, 21, 14, 11, 4, 15, 6, 19, 12, 5, 7, 17, 1, 2, 3, 8, 9, 10, 16, 0]",0
6,4.8199739721405505e-05,3.269683494637719e-05,4.2553964313980546e-05,0.0006383094647097082,1.5502904775028317e-05,"[13, 18, 20, 22, 21, 14, 11, 4, 15, 6, 19, 12, 5, 7, 17, 1, 2, 3, 8, 9, 10, 16, 0]",0
7,4.8199739721405505e-05,3.269683494637719e-05,4.2092296628164776e-05,0.0006313844494224716,1.5502904775028317e-05,"[13, 18, 20, 22, 21, 14, 11, 4, 15, 6, 19, 12, 5, 7, 17, 1, 2, 3, 8, 9, 10, 16, 0]",0
8,4.8199739721405505e-05,3.269683494637719e-05,4.201494944917757e-05,0.0006302242417376636,1.5502904775028317e-05,"[13, 18, 20, 22, 21, 14, 11, 4, 15, 6, 19, 12, 5, 7, 17, 1, 2, 3, 8, 9, 10, 16, 0]",0
9,4.8199739721405505e-05,3.102988177615043e-05,4.1601099571240166e-05,0.0006240164935686025,1.7169857945255073e-05,"[13, 18, 20, 22, 21, 14, 11, 4, 15, 6, 19, 12, 5, 7, 17, 1, 2, 3, 8, 9, 10, 16, 0]",0
10,4.914004914004914e-05,3.653101483159202e-05,4.26901777826639e-05,0.0006403526667399586,1.2609034308457118e-05,"[13, 18, 20, 22, 21, 14, 11, 4, 15, 6, 19, 10, 5, 7, 17, 1, 2, 3, 8, 9, 12, 16, 0]",10
11,4.914004914004914e-05,3.653101483159202e-05,4.301714356718562e-05,0.0006452571535077843,1.2609034308457118e-05,"[13, 18, 20, 22, 21, 14, 11, 4, 15, 6, 19, 10, 5, 7, 17, 1, 2, 3, 8, 9, 12, 16, 0]",10
12,4.914004914004914e-05,3.986605007175889e-05,4.376105210663805e-05,0.0006564157815995708,9.273999068290253e-06,"[13, 18, 20, 22, 21, 14, 11, 4, 15, 6, 19, 10, 5, 7, 17, 1, 2, 3, 8, 9, 12, 16, 0]",10
13,4.989024146876871e-05,3.986605007175889e-05,4.428449958129087e-05,0.0006642674937193631,1.0024191397009824e-05,"[13, 18, 20, 22, 21, 14, 11, 4, 15, 6, 10, 12, 5, 7, 17, 1, 2, 3, 8, 9, 19, 16, 0]",13
14,4.989024146876871e-05,4.2437616703445933e-05,4.4766562992805924e-05,0.0006714984448920889,7.452624765322778e-06,"[13, 18, 20, 22, 21, 14, 11, 4, 15, 6, 10, 12, 5, 7, 17, 1, 2, 3, 8, 9, 19, 16, 0]",13
15,4.989024146876871e-05,4.518140333438756e-05,4.479708104518411e-05,0.0006719562156777617,4.708838134381149e-06,"[13, 18, 20, 22, 21, 14, 11, 4, 15, 6, 10, 12, 5, 7, 17, 1, 2, 3, 8, 9, 19, 16, 0]",13
16,4.989024146876871e-05,4.558508456033186e-05,4.496077173138918e-05,0.0006744115759708376,4.305156908436853e-06,"[13, 18, 20, 22, 21, 14, 11, 4, 15, 6, 10, 12, 5, 7, 17, 1, 2, 3, 8, 9, 19, 16, 0]",13
17,4.989024146876871e-05,3.0832793759442546e-05,4.361560565322215e-05,0.0006542340847983323,1.9057447709326166e-05,"[13, 18, 20, 22, 21, 14, 11, 4, 15, 6, 10, 12, 5, 7, 17, 1, 2, 3, 8, 9, 19, 16, 0]",13
18,4.989024146876871e-05,3.0832793759442546e-05,4.387357123745318e-05,0.0006581035685617976,1.9057447709326166e-05,"[13, 18, 20, 22, 21, 14, 11, 4, 15, 6, 10, 12, 5, 7, 17, 1, 2, 3, 8, 9, 19, 16, 0]",13
19,5.018316856526321e-05,3.327454829800686e-05,4.3672885647593055e-05,0.0006550932847138958,1.6908620267256355e-05,"[13, 18, 20, 22, 21, 14, 11, 19, 9, 6, 4, 10, 5, 17, 7, 1, 2, 3, 8, 15, 12, 16, 0]",19

G,1-Máx,2-Mín,3-Promedio,4-Total,5-Rango,6-Cromosoma,7-Estable
0,3.8057543005023594e-05,2.91341335508682e-05,3.2007516776761093e-05,0.0004801127516514164,8.923409454155395e-06,"[2, 4, 10, 5, 17, 18, 11, 7, 6, 3, 14, 16, 19, 8, 1, 15, 20, 12, 9, 13, 21, 22, 0]",0
1,3.8057543005023594e-05,2.91341335508682e-05,3.061523877537625e-05,0.0004592285816306438,8.923409454155395e-06,"[2, 4, 10, 5, 17, 18, 11, 7, 6, 3, 14, 16, 19, 8, 1, 15, 20, 12, 9, 13, 21, 22, 0]",0
2,3.8057543005023594e-05,2.9163871795619587e-05,3.11710285784297e-05,0.00046756542867644544,8.893671209404007e-06,"[2, 4, 10, 5, 17, 18, 11, 7, 6, 3, 14, 16, 19, 8, 1, 15, 20, 12, 9, 13, 21, 22, 0]",0
3,3.8057543005023594e-05,2.928343436118188e-05,3.173234328660943e-05,0.00047598514929914147,8.774108643841713e-06,"[2, 4, 10, 5, 17, 18, 11, 7, 6, 3, 14, 16, 19, 8, 1, 15, 20, 12, 9, 13, 21, 22, 0]",0
4,3.8412783774440136e-05,3.088230752601834e-05,3.1947543676872305e-05,0.0004792131551530846,7.530476248421793e-06,"[2, 3, 10, 5, 17, 18, 11, 7, 6, 4, 14, 16, 19, 8, 1, 15, 20, 12, 9, 13, 21, 22, 0]",4
5,3.8590668776289896e-05,3.066920198736429e-05,3.178225473231936e-05,0.0004767338209847904,7.921466788925608e-06,"[2, 4, 10, 5, 17, 18, 11, 7, 6, 3, 9, 16, 19, 8, 1, 15, 20, 12, 14, 13, 21, 22, 0]",5
6,4.0112314480545525e-05,3.088230752601834e-05,3.377579585504178e-05,0.0005066369378256267,9.230006954527182e-06,"[2, 3, 10, 5, 17, 18, 11, 7, 6, 20, 14, 16, 19, 8, 1, 15, 4, 12, 9, 13, 21, 22, 0]",6
7,4.0112314480545525e-05,3.316639580776757e-05,3.4749132445657695e-05,0.0005212369866848654,6.945918672777955e-06,"[2, 3, 10, 5, 17, 18, 11, 7, 6, 20, 14, 16, 19, 8, 1, 15, 4, 12, 9, 13, 21, 22, 0]",6
8,4.0112314480545525e-05,3.308300526019784e-05,3.4747628198731896e-05,0.0005212144229809785,7.029309220347688e-06,"[2, 3, 10, 5, 17, 18, 11, 7, 6, 20, 14, 16, 19, 8, 1, 15, 4, 12, 9, 13, 21, 22, 0]",6
9,4.0112314480545525e-05,3.559605595699996e-05,3.510522479216649e-05,0.0005265783718824974,4.516258523545564e-06,"[2, 3, 10, 5, 17, 18, 11, 7, 6, 20, 14, 16, 19, 8, 1, 15, 4, 12, 9, 13, 21, 22, 0]",6
10,4.0112314480545525e-05,3.468970062788358e-05,3.4545714152877347e-05,0.0005181857122931602,5.422613852661942e-06,"[2, 3, 10, 5, 17, 18, 11, 7, 6, 20, 14, 16, 19, 8, 1, 15, 4, 12, 9, 13, 21, 22, 0]",6
11,4.024144869215292e-05,3.2526671870934166e-05,3.464659074489413e-05,0.000519698861173412,7.714776821218755e-06,"[1, 3, 10, 5, 17, 18, 11, 7, 6, 20, 14, 16, 19, 8, 2, 15, 4, 12, 9, 13, 21, 22, 0]",11
12,4.024144869215292e-05,3.156964263164541e-05,3.472551692225961e-05,0.0005208827538338941,8.671806060507511e-06,"[1, 3, 10, 5, 17, 18, 11, 7, 6, 20, 14, 16, 19, 8, 2, 15, 4, 12, 9, 13, 21, 22, 0]",11
13,4.024144869215292e-05,3.2491795821555056e-05,3.51866022899585e-05,0.0005277990343493775,7.749652870597865e-06,"[1, 3, 10, 5, 17, 18, 11, 7, 6, 20, 14, 16, 19, 8, 2, 15, 4, 12, 9, 13, 21, 22, 0]",11
14,4.024144869215292e-05,3.6310820624546116e-05,3.562562610996216e-05,0.0005343843916494324,3.930628067606805e-06,"[1, 3, 10, 5, 17, 18, 11, 7, 6, 20, 14, 16, 19, 8, 2, 15, 4, 12, 9, 13, 21, 22, 0]",11
15,4.06934158053227e-05,3.521374744700331e-05,3.532084249368436e-05,0.0005298126374052655,5.4796683583193924e-06,"[1, 3, 10, 5, 17, 18, 11, 7, 6, 20, 14, 16, 19, 8, 2, 4, 15, 12, 9, 13, 21, 22, 0]",15
16,4.06934158053227e-05,3.521374744700331e-05,3.5528783528301156e-05,0.0005329317529245174,5.4796683583193924e-06,"[1, 3, 10, 5, 17, 18, 11, 7, 6, 20, 14, 16, 19, 8, 2, 4, 15, 12, 9, 13, 21, 22, 0]",15
17,4.06934158053227e-05,3.048129972262017e-05,3.4974701286105156e-05,0.0005246205192915774,1.0212116082702529e-05,"[1, 3, 10, 5, 17, 18, 11, 7, 6, 20, 14, 16, 19, 8, 2, 4, 15, 12, 9, 13, 21, 22, 0]",15
18,4.06934158053227e-05,3.2748231595493846e-05,3.535565102562545e-05,0.0005303347653843817,7.945184209828854e-06,"[1, 3, 10, 5, 17, 18, 11, 7, 6, 20, 14, 16, 19, 8, 2, 4, 15, 12, 9, 13, 21, 22, 0]",15
19,4.06934158053227e-05,3.111097284012071e-05,3.504316700825641e-05,0.0005256475051238461,9.582442965201992e-06,"[1, 3, 10, 5, 17, 18, 11, 7, 6, 20, 14, 16, 19, 8, 2, 4, 15, 12, 9, 13, 21, 22, 0]",15

G,1-Máx,2-Mín,3-Promedio,4-Total,5-Rango,6-Cromosoma,7-Estable
0,3.82789771857296e-05,2.9130738755534842e-05,3.2822984159685325e-05,0.0004923447623952799,9.148238430194758e-06,"[21, 19, 15, 12, 13, 4, 6, 3, 2, 18, 1, 11, 9, 8, 0, 7, 10, 17, 5, 22, 14, 16, 20]",0
1,3.82789771857296e-05,2.961471258921432e-05,3.1510895830930576e-05,0.0004726634374639586,8.664264596515278e-06,"[21, 19, 15, 12, 13, 4, 6, 3, 2, 18, 1, 11, 9, 8, 0, 7, 10, 17, 5, 22, 14, 16, 20]",0
2,3.82789771857296e-05,2.961471258921432e-05,3.25673054487608e-05,0.000488509581731412,8.664264596515278e-06,"[21, 19, 15, 12, 13, 4, 6, 3, 2, 18, 1, 11, 9, 8, 0, 7, 10, 17, 5, 22, 14, 16, 20]",0
3,3.82789771857296e-05,3.263920621450486e-05,3.253050069961309e-05,0.00048795751049419636,5.6397709712247395e-06,"[21, 19, 15, 12, 13, 4, 6, 3, 2, 18, 1, 11, 9, 8, 0, 7, 10, 17, 5, 22, 14, 16, 20]",0
4,3.92187622558632e-05,2.924575205451408e-05,3.276186389381732e-05,0.0004914279584072598,9.973010201349122e-06,"[21, 12, 20, 19, 13, 4, 6, 3, 14, 18, 1, 11, 9, 8, 0, 7, 10, 17, 5, 15, 2, 16, 22]",4
5,3.92187622558632e-05,2.8179333276974668e-05,3.2581665705965937e-05,0.0004887249855894891,1.1039428978888535e-05,"[21, 12, 20, 19, 13, 4, 6, 3, 14, 18, 1, 11, 9, 8, 0, 7, 10, 17, 5, 15, 2, 16, 22]",4
6,3.92187622558632e-05,2.8179333276974668e-05,3.431690114084805e-05,0.0005147535171127208,1.1039428978888535e-05,"[21, 12, 20, 19, 13, 4, 6, 3, 14, 18, 1, 11, 9, 8, 0, 7, 10, 17, 5, 15, 2, 16, 22]",4
7,4.236211132762857e-05,2.8179333276974668e-05,3.421240912321123e-05,0.0005131861368481684,1.4182778050653904e-05,"[21, 19, 20, 12, 14, 16, 6, 0, 2, 18, 1, 13, 9, 8, 11, 7, 10, 5, 4, 15, 3, 17, 22]",7
8,4.247727465805794e-05,2.8179333276974668e-05,3.465387004418045e-05,0.0005198080506627067,1.4297941381083274e-05,"[21, 19, 20, 12, 14, 16, 6, 0, 17, 18, 1, 11, 2, 8, 13, 7, 10, 5, 4, 15, 9, 3, 22]",8
9,4.247727465805794e-05,2.8179333276974668e-05,3.60659971771991e-05,0.0005409899576579865,1.4297941381083274e-05,"[21, 19, 20, 12, 14, 16, 6, 0, 17, 18, 1, 11, 2, 8, 13, 7, 10, 5, 4, 15, 9, 3, 22]",8
10,4.247727465805794e-05,3.5102499297950014e-05,3.6414318645071796e-05,0.0005462147796760769,7.374775360107927e-06,"[21, 19, 20, 12, 14, 16, 6, 0, 17, 18, 1, 11, 2, 8, 13, 7, 10, 5, 4, 15, 9, 3, 22]",8
11,4.3584379358437934e-05,3.5102499297950014e-05,3.7243956863339664e-05,0.0005586593529500949,8.48188006048792e-06,"[21, 19, 20, 12, 14, 18, 6, 0, 2, 16, 1, 13, 9, 8, 11, 7, 10, 5, 4, 15, 3, 17, 22]",11
12,4.3584379358437934e-05,3.529702446083795e-05,3.73082344550029e-05,0.0005596235168250435,8.287354897599986e-06,"[21, 19, 20, 12, 14, 18, 6, 0, 2, 16, 1, 13, 9, 8, 11, 7, 10, 5, 4, 15, 3, 17, 22]",11
13,4.3584379358437934e-05,3.605162592832937e-05,3.7362446562769394e-05,0.0005604366984415409,7.532753430108567e-06,"[21, 19, 20, 12, 14, 18, 6, 0, 2, 16, 1, 13, 9, 8, 11, 7, 10, 5, 4, 15, 3, 17, 22]",11
14,4.3584379358437934e-05,3.605162592832937e-05,3.737438344386406e-05,0.0005606157516579609,7.532753430108567e-06,"[21, 19, 20, 12, 14, 18, 6, 0, 2, 16, 1, 13, 9, 8, 11, 7, 10, 5, 4, 15, 3, 17, 22]",11
15,4.4452347083926033e-05,3.701647233018693e-05,3.9109011240738064e-05,0.0005866351686110709,7.435874753739102e-06,"[21, 19, 20, 12, 1, 18, 6, 0, 2, 16, 14, 13, 9, 8, 11, 7, 10, 5, 4, 15, 3, 17, 22]",15
16,4.4452347083926033e-05,3.701647233018693e-05,3.945907833317049e-05,0.0005918861749975574,7.435874753739102e-06,"[21, 19, 20, 12, 1, 18, 6, 0, 2, 16, 14, 13, 9, 8, 11, 7, 10, 5, 4, 15, 3, 17, 22]",15
17,4.4452347083926033e-05,3.629500580720093e-05,3.906635247531829e-05,0.0005859952871297743,8.157341276725104e-06,"[21, 19, 20, 12, 1, 18, 6, 0, 2, 16, 14, 13, 9, 8, 11, 7, 10, 5, 4, 15, 3, 17, 22]",15
18,4.4452347083926033e-05,3.484199156823804e-05,3.952307435800257e-05,0.0005928461153700386,9.610355515687992e-06,"[21, 19, 20, 12, 1, 18, 6, 0, 2, 16, 14, 13, 9, 8, 11, 7, 10, 5, 4, 15, 3, 17, 22]",15
19,4.4452347083926033e-05,4.060089321965083e-05,4.064603891700212e-05,0.0006096905837550318,3.851453864275204e-06,"[21, 19, 20, 12, 1, 18, 6, 0, 2, 16, 14, 13, 9, 8, 11, 7, 10, 5, 4, 15, 3, 17, 22]",15

G,1-Máx,2-Mín,3-Promedio,4-Total,5-Rango,6-Cromosoma,7-Estable
0,3.912516139129074e-05,2.9587549559145512e-05,3.3485461693113125e-05,0.0005022819253966969,9.53761183214523e-06,"[16, 20, 18, 17, 1, 3, 6, 11, 22, 21, 12, 9, 2, 19, 15, 0, 10, 5, 13, 14, 7, 4, 8]",0
1,3.994248282473238e-05,2.7980637398919947e-05,3.216079024590825e-05,0.0004824118536886238,1.1961845425812435e-05,"[18, 2, 5, 4, 14, 3, 15, 17, 0, 7, 6, 8, 19, 13, 12, 16, 21, 20, 1, 9, 10, 11, 22]",1
2,3.994248282473238e-05,2.7980637398919947e-05,3.087236126260486e-05,0.00046308541893907285,1.1961845425812435e-05,"[18, 2, 5, 4, 14, 3, 15, 17, 0, 7, 6, 8, 19, 13, 12, 16, 21, 20, 1, 9, 10, 11, 22]",1
3,4.0096230954290296e-05,2.8473804100227792e-05,3.263155927570298e-05,0.0004894733891355447,1.1622426854062504e-05,"[18, 2, 5, 1, 14, 3, 15, 17, 0, 7, 6, 8, 19, 13, 12, 16, 21, 20, 4, 9, 10, 11, 22]",3
4,4.0096230954290296e-05,2.8473804100227792e-05,3.255302991985694e-05,0.0004882954487978542,1.1622426854062504e-05,"[18, 2, 5, 1, 14, 3, 15, 17, 0, 7, 6, 8, 19, 13, 12, 16, 21, 20, 4, 9, 10, 11, 22]",3
5,4.0096230954290296e-05,2.8473804100227792e-05,3.457405705958603e-05,0.0005186108558937905,1.1622426854062504e-05,"[18, 2, 5, 1, 14, 3, 15, 17, 0, 7, 6, 8, 19, 13, 12, 16, 21, 20, 4, 9, 10, 11, 22]",3
6,4.120992334954257e-05,3.132047105988474e-05,3.572026202989135e-05,0.0005358039304483703,9.889452289657827e-06,"[13, 2, 5, 1, 14, 3, 15, 17, 0, 7, 6, 8, 19, 18, 12, 16, 21, 20, 4, 9, 10, 11, 22]",6
7,4.120992334954257e-05,3.132047105988474e-05,3.590068488758866e-05,0.0005385102733138299,9.889452289657827e-06,"[13, 2, 5, 1, 14, 3, 15, 17, 0, 7, 6, 8, 19, 18, 12, 16, 21, 20, 4, 9, 10, 11, 22]",6
8,4.120992334954257e-05,3.132047105988474e-05,3.628798814383245e-05,0.0005443198221574868,9.889452289657827e-06,"[13, 2, 5, 1, 14, 3, 15, 17, 0, 7, 6, 8, 19, 18, 12, 16, 21, 20, 4, 9, 10, 11, 22]",6
9,4.120992334954257e-05,3.132047105988474e-05,3.6086339805401936e-05,0.000541295097081029,9.889452289657827e-06,"[13, 2, 5, 1, 14, 3, 15, 17, 0, 7, 6, 8, 19, 18, 12, 16, 21, 20, 4, 9, 10, 11, 22]",6
10,4.120992334954257e-05,3.188165529554294e-05,3.713488264585274e-05,0.0005570232396877911,9.328268053999627e-06,"[13, 2, 5, 1, 14, 3, 15, 17, 0, 7, 6, 8, 19, 18, 12, 16, 21, 20, 4, 9, 10, 11, 22]",6
11,4.120992334954257e-05,3.188165529554294e-05,3.737924676469032e-05,0.0005606887014703548,9.328268053999627e-06,"[13, 2, 5, 1, 14, 3, 15, 17, 0, 7, 6, 8, 19, 18, 12, 16, 21, 20, 4, 9, 10, 11, 22]",6
12,4.120992334954257e-05,3.3993949077064285e-05,3.721866172502061e-05,0.0005582799258753092,7.215974272478284e-06,"[13, 2, 5, 1, 14, 3, 15, 17, 0, 7, 6, 8, 19, 18, 12, 16, 21, 20, 4, 9, 10, 11, 22]",6
13,4.155067104333735e-05,3.459369702840143e-05,3.725815590269475e-05,0.0005588723385404213,6.956974014935925e-06,"[11, 2, 5, 1, 14, 3, 15, 17, 0, 7, 6, 8, 19, 13, 12, 16, 21, 20, 4, 9, 10, 18, 22]",13
14,4.158004158004158e-05,3.852525330354047e-05,3.7915018748620886e-05,0.0005687252812293133,3.054788276501109e-06,"[13, 2, 5, 1, 9, 3, 15, 17, 0, 7, 6, 8, 19, 18, 12, 16, 21, 20, 4, 14, 10, 11, 22]",14
15,4.228329809725158e-05,3.868023053417398e-05,3.823528410070499e-05,0.0005735292615105749,3.6030675630776022e-06,"[13, 2, 5, 1, 14, 3, 15, 17, 0, 7, 6, 8, 19, 18, 12, 9, 11, 20, 4, 16, 10, 21, 22]",15
16,4.228329809725158e-05,3.902591320636903e-05,3.839193758871432e-05,0.0005758790638307149,3.257384890882552e-06,"[13, 2, 5, 1, 14, 3, 15, 17, 0, 7, 6, 8, 19, 18, 12, 9, 11, 20, 4, 16, 10, 21, 22]",15
17,4.228329809725158e-05,3.902591320636903e-05,3.848975528554187e-05,0.0005773463292831281,3.257384890882552e-06,"[13, 2, 5, 1, 14, 3, 15, 17, 0, 7, 6, 8, 19, 18, 12, 9, 11, 20, 4, 16, 10, 21, 22]",15
18,4.249713144362756e-05,3.854307188282906e-05,3.9008751027803014e-05,0.0005851312654170452,3.954059560798496e-06,"[13, 2, 5, 1, 9, 3, 15, 17, 0, 7, 6, 8, 16, 18, 12, 19, 21, 11, 4, 14, 10, 20, 22]",18
19,4.3848110146452686e-05,3.617814116710683e-05,3.9054265866727535e-05,0.000585813988000913,7.669968979345855e-06,"[13, 2, 5, 1, 14, 3, 15, 17, 0, 7, 6, 8, 11, 18, 12, 9, 19, 20, 4, 16, 10, 21, 22]",19

G,1-Máx,2-Mín,3-Promedio,4-Total,5-Rango,6-Cromosoma,7-Estable
0,3.5258444397433186e-05,2.9537734455767243e-05,3.171279410454745e-05,0.0004756919115682118,5.720709941665944e-06,"[0, 11, 13, 15, 5, 9, 18, 3, 14, 7, 6, 19, 4, 20, 17, 16, 8, 22, 21, 1, 2, 10, 12]",0
1,3.685684800235884e-05,2.938151902453357e-05,3.0409112882835325e-05,0.0004561366932425299,7.475328977825269e-06,"[9, 3, 17, 5, 7, 2, 22, 20, 15, 10, 1, 4, 6, 8, 16, 13, 12, 18, 14, 19, 21, 11, 0]",1
2,3.685684800235884e-05,2.9537734455767243e-05,2.995511087246905e-05,0.00044932666308703575,7.3191135465915955e-06,"[9, 3, 17, 5, 7, 2, 22, 20, 15, 10, 1, 4, 6, 8, 16, 13, 12, 18, 14, 19, 21, 11, 0]",1
3,3.685684800235884e-05,2.966478789676654e-05,3.0669881587341845e-05,0.0004600482238101277,7.1920601055922985e-06,"[9, 3, 17, 5, 7, 2, 22, 20, 15, 10, 1, 4, 6, 8, 16, 13, 12, 18, 14, 19, 21, 11, 0]",1
4,3.685684800235884e-05,2.842443364315966e-05,3.0684355215393476e-05,0.0004602653282309021,8.432414359199177e-06,"[9, 3, 17, 5, 7, 2, 22, 20, 15, 10, 1, 4, 6, 8, 16, 13, 12, 18, 14, 19, 21, 11, 0]",1
5,3.685684800235884e-05,2.842443364315966e-05,3.112034035811387e-05,0.0004668051053717081,8.432414359199177e-06,"[9, 3, 17, 5, 7, 2, 22, 20, 15, 10, 1, 4, 6, 8, 16, 13, 12, 18, 14, 19, 21, 11, 0]",1
6,3.7380382775119616e-05,2.8758771425284713e-05,3.0675730333496574e-05,0.0004601359550024486,8.621611349834903e-06,"[9, 14, 17, 5, 3, 2, 22, 20, 15, 10, 1, 4, 6, 8, 16, 13, 12, 18, 11, 19, 21, 7, 0]",6
7,3.7380382775119616e-05,2.8758771425284713e-05,3.083166379587522e-05,0.0004624749569381283,8.621611349834903e-06,"[9, 14, 17, 5, 3, 2, 22, 20, 15, 10, 1, 4, 6, 8, 16, 13, 12, 18, 11, 19, 21, 7, 0]",6
8,3.7380382775119616e-05,2.8758771425284713e-05,3.1669837688742026e-05,0.00047504756533113036,8.621611349834903e-06,"[9, 14, 17, 5, 3, 2, 22, 20, 15, 10, 1, 4, 6, 8, 16, 13, 12, 18, 11, 19, 21, 7, 0]",6
9,3.7380382775119616e-05,2.9931158335827595e-05,3.344909438905349e-05,0.0005017364158358023,7.4492244392920205e-06,"[9, 14, 17, 5, 3, 2, 22, 20, 15, 10, 1, 4, 6, 8, 16, 13, 12, 18, 11, 19, 21, 7, 0]",6
10,3.7380382775119616e-05,2.9931158335827595e-05,3.276375867312953e-05,0.000491456380096943,7.4492244392920205e-06,"[9, 14, 17, 5, 3, 2, 22, 20, 15, 10, 1, 4, 6, 8, 16, 13, 12, 18, 11, 19, 21, 7, 0]",6
11,3.7380382775119616e-05,2.9931158335827595e-05,3.284827042271356e-05,0.0004927240563407034,7.4492244392920205e-06,"[9, 14, 17, 5, 3, 2, 22, 20, 15, 10, 1, 4, 6, 8, 16, 13, 12, 18, 11, 19, 21, 7, 0]",6
12,3.7380382775119616e-05,2.9931158335827595e-05,3.333492079202408e-05,0.0005000238118803612,7.4492244392920205e-06,"[9, 14, 17, 5, 3, 2, 22, 20, 15, 10, 1, 4, 6, 8, 16, 13, 12, 18, 11, 19, 21, 7, 0]",6
13,3.7380382775119616e-05,2.9931158335827595e-05,3.2331947520024856e-05,0.0004849792128003729,7.4492244392920205e-06,"[9, 14, 17, 5, 3, 2, 22, 20, 15, 10, 1, 4, 6, 8, 16, 13, 12, 18, 11, 19, 21, 7, 0]",6
14,3.7380382775119616e-05,3.036652394400413e-05,3.3491610065770994e-05,0.0005023741509865649,7.013858831115486e-06,"[9, 14, 17, 5, 3, 2, 22, 20, 15, 10, 1, 4, 6, 8, 16, 13, 12, 18, 11, 19, 21, 7, 0]",6
15,3.746300528228374e-05,3.2994588887422464e-05,3.3798706884550336e-05,0.000506980603268255,4.468416394861278e-06,"[9, 14, 18, 5, 3, 2, 22, 20, 15, 10, 1, 4, 6, 8, 16, 13, 12, 17, 11, 19, 21, 7, 0]",15
16,3.746300528228374e-05,3.2127481847972756e-05,3.375002706123188e-05,0.0005062504059184782,5.3355234343109865e-06,"[9, 14, 18, 5, 3, 2, 22, 20, 15, 10, 1, 4, 6, 8, 16, 13, 12, 17, 11, 19, 21, 7, 0]",15
17,3.7949223938370464e-05,3.2127481847972756e-05,3.391974104748066e-05,0.0005087961157122099,5.821742090397708e-06,"[9, 14, 17, 0, 3, 2, 22, 20, 15, 10, 1, 4, 6, 8, 16, 13, 12, 18, 11, 19, 21, 7, 5]",17
18,3.7949223938370464e-05,3.2127481847972756e-05,3.370259496425606e-05,0.0005055389244638409,5.821742090397708e-06,"[9, 14, 17, 0, 3, 2, 22, 20, 15, 10, 1, 4, 6, 8, 16, 13, 12, 18, 11, 19, 21, 7, 5]",17
19,3.7949223938370464e-05,3.2127481847972756e-05,3.384946466670909e-05,0.0005077419700006364,5.821742090397708e-06,"[9, 14, 17, 0, 3, 2, 22, 20, 15, 10, 1, 4, 6, 8, 16, 13, 12, 18, 11, 19, 21, 7, 5]",17

G,1-Máx,2-Mín,3-Promedio,4-Total,5-Rango,6-Cromosoma,7-Estable
0,3.721484127870195e-05,2.8434132332451874e-05,3.239034475830309e-05,0.0004858551713745463,8.780708946250074e-06,"[4, 15, 9, 6, 2, 16, 12, 0, 13, 21, 20, 22, 3, 14, 5, 19, 18, 1, 11, 8, 7, 10, 17]",0
1,3.721484127870195e-05,2.8434132332451874e-05,3.1367365250062745e-05,0.0004705104787509412,8.780708946250074e-06,"[4, 15, 9, 6, 2, 16, 12, 0, 13, 21, 20, 22, 3, 14, 5, 19, 18, 1, 11, 8, 7, 10, 17]",0
2,3.7500937523438084e-05,2.9986805805445604e-05,3.239873596057849e-05,0.0004859810394086773,7.51413171799248e-06,"[1, 2, 18, 19, 11, 8, 9, 0, 12, 15, 22, 16, 13, 14, 6, 10, 20, 21, 3, 5, 4, 17, 7]",2
3,3.7500937523438084e-05,2.9986805805445604e-05,3.276047773999209e-05,0.0004914071660998814,7.51413171799248e-06,"[1, 2, 18, 19, 11, 8, 9, 0, 12, 15, 22, 16, 13, 14, 6, 10, 20, 21, 3, 5, 4, 17, 7]",2
4,3.7500937523438084e-05,3.0032735681893263e-05,3.281855804156261e-05,0.0004922783706234391,7.468201841544821e-06,"[1, 2, 18, 19, 11, 8, 9, 0, 12, 15, 22, 16, 13, 14, 6, 10, 20, 21, 3, 5, 4, 17, 7]",2
5,3.7500937523438084e-05,2.9986805805445604e-05,3.37481757281948e-05,0.000506222635922922,7.51413171799248e-06,"[1, 2, 18, 19, 11, 8, 9, 0, 12, 15, 22, 16, 13, 14, 6, 10, 20, 21, 3, 5, 4, 17, 7]",2
6,4.1142104830083104e-05,3.2976092333058534e-05,3.416734737403754e-05,0.0005125102106105632,8.16601249702457e-06,"[1, 2, 18, 19, 11, 8, 9, 0, 12, 15, 20, 16, 13, 14, 6, 10, 22, 21, 3, 5, 4, 17, 7]",6
7,4.1142104830083104e-05,3.128128128128128e-05,3.355902508425729e-05,0.0005033853762638593,9.860823548801823e-06,"[1, 2, 18, 19, 11, 8, 9, 0, 12, 15, 20, 16, 13, 14, 6, 10, 22, 21, 3, 5, 4, 17, 7]",6
8,4.14181577203446e-05,2.9692092995635264e-05,3.441287191024967e-05,0.000516193078653745,1.1726064724709336e-05,"[1, 2, 20, 6, 11, 8, 9, 0, 12, 15, 14, 16, 13, 17, 22, 19, 18, 21, 3, 5, 4, 10, 7]",8
9,4.14181577203446e-05,3.232375472734913e-05,3.50034310601749e-05,0.0005250514659026235,9.094402992995472e-06,"[1, 2, 20, 6, 11, 8, 9, 0, 12, 15, 14, 16, 13, 17, 22, 19, 18, 21, 3, 5, 4, 10, 7]",8
10,4.14181577203446e-05,3.301419610432486e-05,3.6222372965975595e-05,0.0005433355944896339,8.403961616019737e-06,"[1, 2, 20, 6, 11, 8, 9, 0, 12, 15, 14, 16, 13, 17, 22, 19, 18, 21, 3, 5, 4, 10, 7]",8
11,4.14181577203446e-05,3.301419610432486e-05,3.57168116159105e-05,0.0005357521742386575,8.403961616019737e-06,"[1, 2, 20, 6, 11, 8, 9, 0, 12, 15, 14, 16, 13, 17, 22, 19, 18, 21, 3, 5, 4, 10, 7]",8
12,4.1433602651750566e-05,3.301419610432486e-05,3.7297069154011245e-05,0.0005594560373101687,8.419406547425704e-06,"[1, 2, 16, 19, 11, 8, 9, 0, 12, 15, 20, 18, 13, 14, 6, 10, 22, 21, 3, 5, 4, 17, 7]",12
13,4.1433602651750566e-05,3.270966897814994e-05,3.631850018469567e-05,0.0005447775027704351,8.723933673600624e-06,"[1, 2, 16, 19, 11, 8, 9, 0, 12, 15, 20, 18, 13, 14, 6, 10, 22, 21, 3, 5, 4, 17, 7]",12
14,4.1433602651750566e-05,3.409129649200559e-05,3.5669780749858834e-05,0.0005350467112478825,7.342306159744975e-06,"[1, 2, 16, 19, 11, 8, 9, 0, 12, 15, 20, 18, 13, 14, 6, 10, 22, 21, 3, 5, 4, 17, 7]",12
15,4.2399830400678394e-05,3.350532734704818e-05,3.6293047628996104e-05,0.0005443957144349416,8.894503053630212e-06,"[1, 2, 16, 19, 11, 8, 9, 0, 12, 15, 20, 18, 13, 14, 7, 10, 22, 21, 3, 5, 4, 17, 6]",15
16,4.2399830400678394e-05,3.248018708587761e-05,3.72068392910223e-05,0.0005581025893653344,9.91964331480078e-06,"[1, 2, 16, 19, 11, 8, 9, 0, 12, 15, 20, 18, 13, 14, 7, 10, 22, 21, 3, 5, 4, 17, 6]",15
17,4.2399830400678394e-05,3.580635920939559e-05,3.762150606805185e-05,0.0005643225910207777,6.5934711912828055e-06,"[1, 2, 16, 19, 11, 8, 9, 0, 12, 15, 20, 18, 13, 14, 7, 10, 22, 21, 3, 5, 4, 17, 6]",15
18,4.2399830400678394e-05,3.5847433323774016e-05,3.780833969487795e-05,0.0005671250954231692,6.552397076904378e-06,"[1, 2, 16, 19, 11, 8, 9, 0, 12, 15, 20, 18, 13, 14, 7, 10, 22, 21, 3, 5, 4, 17, 6]",15
19,4.2399830400678394e-05,3.5847433323774016e-05,3.720431916967159e-05,0.0005580647875450739,6.552397076904378e-06,"[1, 2, 16, 19, 11, 8, 9, 0, 12, 15, 20, 18, 13, 14, 7, 10, 22, 21, 3, 5, 4, 17, 6]",15

G,1-Máx,2-Mín,3-Promedio,4-Total,5-Rango,6-Cromosoma,7-Estable
0,4.65267761596799e-05,2.8507896687382406e-05,3.385518711159894e-05,0.0005078278066739841,1.801887947229749e-05,"[17, 19, 4, 5, 1, 3, 8, 10, 15, 9, 18, 22, 21, 20, 16, 14, 12, 2, 0, 7, 11, 13, 6]",0
1,4.65267761596799e-05,2.85673475217826e-05,3.1677055765680324e-05,0.0004751558364852049,1.7959428637897297e-05,"[17, 19, 4, 5, 1, 3, 8, 10, 15, 9, 18, 22, 21, 20, 16, 14, 12, 2, 0, 7, 11, 13, 6]",0
2,4.65267761596799e-05,2.85673475217826e-05,3.310609269499981e-05,0.0004965913904249972,1.7959428637897297e-05,"[17, 19, 4, 5, 1, 3, 8, 10, 15, 9, 18, 22, 21, 20, 16, 14, 12, 2, 0, 7, 11, 13, 6]",0
3,4.65397682319542e-05,2.85673475217826e-05,3.500535093364873e-05,0.000525080264004731,1.7972420710171602e-05,"[1, 3, 17, 5, 7, 8, 6, 10, 15, 9, 18, 22, 21, 20, 16, 14, 12, 2, 0, 19, 11, 13, 4]",3
4,4.65397682319542e-05,2.85673475217826e-05,3.562747958161115e-05,0.0005344121937241672,1.7972420710171602e-05,"[1, 3, 17, 5, 7, 8, 6, 10, 15, 9, 18, 22, 21, 20, 16, 14, 12, 2, 0, 19, 11, 13, 4]",3
5,4.65397682319542e-05,2.9671829565010978e-05,3.910865458675587e-05,0.0005866298188013381,1.6867938666943225e-05,"[1, 3, 17, 5, 7, 8, 6, 10, 15, 9, 18, 22, 21, 20, 16, 14, 12, 2, 0, 19, 11, 13, 4]",3
6,4.65397682319542e-05,2.9671829565010978e-05,3.878368220063412e-05,0.0005817552330095118,1.6867938666943225e-05,"[1, 3, 17, 5, 7, 8, 6, 10, 15, 9, 18, 22, 21, 20, 16, 14, 12, 2, 0, 19, 11, 13, 4]",3
7,4.65397682319542e-05,2.9671829565010978e-05,3.8373999427569654e-05,0.0005756099914135448,1.6867938666943225e-05,"[1, 3, 17, 5, 7, 8, 6, 10, 15, 9, 18, 22, 21, 20, 16, 14, 12, 2, 0, 19, 11, 13, 4]",3
8,4.852484472049689e-05,3.266052648768698e-05,4.061666206062859e-05,0.0006092499309094288,1.586431823280991e-05,"[1, 3, 17, 5, 7, 8, 6, 10, 15, 13, 18, 22, 21, 20, 16, 14, 12, 2, 0, 19, 11, 9, 4]",8
9,4.852484472049689e-05,3.266052648768698e-05,3.874651981042645e-05,0.0005811977971563968,1.586431823280991e-05,"[1, 3, 17, 5, 7, 8, 6, 10, 15, 13, 18, 22, 21, 20, 16, 14, 12, 2, 0, 19, 11, 9, 4]",8
10,4.8721071863581e-05,3.9105271390583454e-05,4.163934969439228e-05,0.0006245902454158842,9.615800472997547e-06,"[1, 9, 17, 5, 7, 8, 6, 10, 15, 13, 18, 22, 21, 20, 16, 14, 12, 2, 0, 19, 11, 3, 4]",10
11,4.8721071863581e-05,3.988354006301599e-05,4.256202713071933e-05,0.00063843040696079,8.837531800565007e-06,"[1, 9, 17, 5, 7, 8, 6, 10, 15, 13, 18, 22, 21, 20, 16, 14, 12, 2, 0, 19, 11, 3, 4]",10
12,4.8721071863581e-05,3.7234240607662805e-05,4.1974375678152413e-05,0.0006296156351722862,1.1486831255918196e-05,"[1, 9, 17, 5, 7, 8, 6, 10, 15, 13, 18, 22, 21, 20, 16, 14, 12, 2, 0, 19, 11, 3, 4]",10
13,4.8721071863581e-05,3.988354006301599e-05,4.28945381301948e-05,0.000643418071952922,8.837531800565007e-06,"[1, 9, 17, 5, 7, 8, 6, 10, 15, 13, 18, 22, 21, 20, 16, 14, 12, 2, 0, 19, 11, 3, 4]",10
14,4.8721071863581e-05,4.388081969371188e-05,4.34445817459377e-05,0.0006516687261890655,4.840252169869121e-06,"[1, 9, 17, 5, 7, 8, 6, 10, 15, 13, 18, 22, 21, 20, 16, 14, 12, 2, 0, 19, 11, 3, 4]",10
15,5.161556725508413e-05,3.638612960739366e-05,4.323024383363226e-05,0.0006484536575044839,1.5229437647690473e-05,"[1, 3, 15, 5, 7, 8, 6, 10, 17, 13, 18, 22, 21, 20, 16, 14, 12, 2, 0, 19, 11, 9, 4]",15
16,5.161556725508413e-05,3.638612960739366e-05,4.346436853864278e-05,0.0006519655280796418,1.5229437647690473e-05,"[1, 3, 15, 5, 7, 8, 6, 10, 17, 13, 18, 22, 21, 20, 16, 14, 12, 2, 0, 19, 11, 9, 4]",15
17,5.161556725508413e-05,3.638612960739366e-05,4.3279688142198874e-05,0.0006491953221329831,1.5229437647690473e-05,"[1, 3, 15, 5, 7, 8, 6, 10, 17, 13, 18, 22, 21, 20, 16, 14, 12, 2, 0, 19, 11, 9, 4]",15
18,5.161556725508413e-05,3.444000551040088e-05,4.153214625902482e-05,0.0006229821938853723,1.717556174468325e-05,"[1, 3, 15, 5, 7, 8, 6, 10, 17, 13, 18, 22, 21, 20, 16, 14, 12, 2, 0, 19, 11, 9, 4]",15
19,5.161556725508413e-05,3.444000551040088e-05,4.1863982450168984e-05,0.0006279597367525347,1.717556174468325e-05,"[1, 3, 15, 5, 7, 8, 6, 10, 17, 13, 18, 22, 21, 20, 16, 14, 12, 2, 0, 19, 11, 9, 4]",15

G,1-Máx,2-Mín,3-Promedio,4-Total,5-Rango,6-Cromosoma,7-Estable
0,4.3157395019636617e-05,2.8655758374645386e-05,3.379566907440321e-05,0.0005069350361160482,1.450163664499123e-05,"[5, 4, 18, 12, 17, 11, 0, 16, 15, 8, 2, 6, 3, 10, 14, 20, 21, 22, 19, 9, 1, 7, 13]",0
1,3.668378576669112e-05,3.096454559529339e-05,3.093242425765088e-05,0.00046398636386476324,5.719240171397734e-06,"[4, 15, 0, 17, 21, 1, 6, 11, 12, 14, 16, 7, 18, 8, 9, 5, 22, 20, 3, 2, 10, 13, 19]",1
2,3.668378576669112e-05,3.03905181583346e-05,3.1331274586980366e-05,0.0004699691188047055,6.293267608356521e-06,"[4, 15, 0, 17, 21, 1, 6, 11, 12, 14, 16, 7, 18, 8, 9, 5, 22, 20, 3, 2, 10, 13, 19]",1
3,3.9541320680110714e-05,2.9346167390538794e-05,3.085749468522765e-05,0.00046286242027841475,1.019515328957192e-05,"[21, 4, 3, 7, 8, 1, 6, 11, 18, 14, 15, 10, 5, 19, 9, 0, 17, 20, 22, 2, 12, 13, 16]",3
4,4.63263226165107e-05,3.01987074953192e-05,3.2238342904913223e-05,0.00048357514357369837,1.6127615121191498e-05,"[21, 2, 3, 7, 12, 1, 19, 11, 4, 5, 15, 10, 8, 6, 9, 0, 17, 20, 22, 18, 14, 13, 16]",4
5,4.63263226165107e-05,2.951332526635776e-05,3.4429483636325966e-05,0.0005164422545448895,1.681299735015294e-05,"[21, 2, 3, 7, 12, 1, 19, 11, 4, 5, 15, 10, 8, 6, 9, 0, 17, 20, 22, 18, 14, 13, 16]",4
6,4.63263226165107e-05,2.875215641173088e-05,3.322565417366316e-05,0.0004983848126049474,1.757416620477982e-05,"[21, 2, 3, 7, 12, 1, 19, 11, 4, 5, 15, 10, 8, 6, 9, 0, 17, 20, 22, 18, 14, 13, 16]",4
7,4.63263226165107e-05,3.0692735029618486e-05,3.4449788508102265e-05,0.000516746827621534,1.5633587586892212e-05,"[21, 2, 3, 7, 12, 1, 19, 11, 4, 5, 15, 10, 8, 6, 9, 0, 17, 20, 22, 18, 14, 13, 16]",4
8,4.63263226165107e-05,3.127149915566952e-05,3.4732719661117807e-05,0.0005209907949167671,1.5054823460841177e-05,"[21, 2, 3, 7, 12, 1, 19, 11, 4, 5, 15, 10, 8, 6, 9, 0, 17, 20, 22, 18, 14, 13, 16]",4
9,4.63263226165107e-05,3.127149915566952e-05,3.718769290776625e-05,0.0005578153936164937,1.5054823460841177e-05,"[21, 2, 3, 7, 12, 1, 19, 11, 4, 5, 15, 10, 8, 6, 9, 0, 17, 20, 22, 18, 14, 13, 16]",4
10,4.63263226165107e-05,3.127149915566952e-05,3.837438081526924e-05,0.0005756157122290386,1.5054823460841177e-05,"[21, 2, 3, 7, 12, 1, 19, 11, 4, 5, 15, 10, 8, 6, 9, 0, 17, 20, 22, 18, 14, 13, 16]",4
11,4.63263226165107e-05,3.355029188753942e-05,4.088047275944307e-05,0.000613207091391646,1.2776030728971276e-05,"[21, 2, 3, 7, 12, 1, 19, 11, 4, 5, 15, 10, 8, 6, 9, 0, 17, 20, 22, 18, 14, 13, 16]",4
12,4.63263226165107e-05,3.355029188753942e-05,4.048657068459336e-05,0.0006072985602689003,1.2776030728971276e-05,"[21, 2, 3, 7, 12, 1, 19, 11, 4, 5, 15, 10, 8, 6, 9, 0, 17, 20, 22, 18, 14, 13, 16]",4
13,4.63263226165107e-05,3.355029188753942e-05,3.960999660404301e-05,0.0005941499490606452,1.2776030728971276e-05,"[21, 2, 3, 7, 12, 1, 19, 11, 4, 5, 15, 10, 8, 6, 9, 0, 17, 20, 22, 18, 14, 13, 16]",4
14,4.63263226165107e-05,3.355029188753942e-05,3.979266510933864e-05,0.0005968899766400795,1.2776030728971276e-05,"[21, 2, 3, 7, 12, 1, 19, 11, 4, 5, 15, 10, 8, 6, 9, 0, 17, 20, 22, 18, 14, 13, 16]",4
15,4.6455449224194e-05,3.4035601238895884e-05,4.069810190240389e-05,0.0006104715285360584,1.2419847985298114e-05,"[21, 2, 3, 7, 12, 1, 19, 11, 4, 5, 15, 10, 8, 6, 9, 0, 17, 20, 22, 18, 14, 16, 13]",15
16,4.6455449224194e-05,3.4035601238895884e-05,3.9886955907100095e-05,0.0005983043386065015,1.2419847985298114e-05,"[21, 2, 3, 7, 12, 1, 19, 11, 4, 5, 15, 10, 8, 6, 9, 0, 17, 20, 22, 18, 14, 16, 13]",15
17,4.6455449224194e-05,3.5642999714856005e-05,4.087175082694871e-05,0.0006130762624042307,1.0812449509337993e-05,"[21, 2, 3, 7, 12, 1, 19, 11, 4, 5, 15, 10, 8, 6, 9, 0, 17, 20, 22, 18, 14, 16, 13]",15
18,4.6455449224194e-05,3.5500017750008876e-05,4.0740710525124e-05,0.00061111065787686,1.0955431474185122e-05,"[21, 2, 3, 7, 12, 1, 19, 11, 4, 5, 15, 10, 8, 6, 9, 0, 17, 20, 22, 18, 14, 16, 13]",15
19,4.6455449224194e-05,3.688267620698558e-05,4.1068203194901626e-05,0.0006160230479235244,9.57277301720842e-06,"[21, 2, 3, 7, 12, 1, 19, 11, 4, 5, 15, 10, 8, 6, 9, 0, 17, 20, 22, 18, 14, 16, 13]",15

G,1-Máx,2-Mín,3-Promedio,4-Total,5-Rango,6-Cromosoma,7-Estable
0,3.775009437523594e-05,2.8183304210585648e-05,3.178016463377368e-05,0.00047670246950660516,9.566790164650293e-06,"[1, 16, 10, 19, 7, 17, 8, 12, 11, 15, 0, 14, 2, 6, 5, 20, 18, 13, 4, 3, 22, 21, 9]",0
1,3.775009437523594e-05,2.808830964552553e-05,2.929203836863161e-05,0.00043938057552947413,9.66178472971041e-06,"[1, 16, 10, 19, 7, 17, 8, 12, 11, 15, 0, 14, 2, 6, 5, 20, 18, 13, 4, 3, 22, 21, 9]",0
2,4.9041243685939876e-05,2.9954469206805657e-05,3.161669982229085e-05,0.0004742504973343628,1.908677447913422e-05,"[9, 1, 3, 10, 14, 4, 20, 19, 16, 11, 17, 6, 2, 15, 12, 13, 18, 5, 8, 7, 0, 22, 21]",2
3,4.9041243685939876e-05,2.8624588521540003e-05,3.260041060406471e-05,0.0004890061590609707,2.0416655164399873e-05,"[9, 1, 3, 10, 14, 4, 20, 19, 16, 11, 17, 6, 2, 15, 12, 13, 18, 5, 8, 7, 0, 22, 21]",2
4,4.9041243685939876e-05,3.068331748028597e-05,3.4963982180784536e-05,0.000524459732711768,1.8357926205653908e-05,"[9, 1, 3, 10, 14, 4, 20, 19, 16, 11, 17, 6, 2, 15, 12, 13, 18, 5, 8, 7, 0, 22, 21]",2
5,4.9860390905464696e-05,3.0132280712327117e-05,4.048348370053676e-05,0.0006072522555080514,1.972811019313758e-05,"[17, 1, 3, 18, 14, 4, 20, 19, 16, 11, 10, 6, 2, 15, 12, 13, 9, 5, 8, 7, 0, 22, 21]",5
6,4.9860390905464696e-05,3.0132280712327117e-05,4.122300344615488e-05,0.0006183450516923232,1.972811019313758e-05,"[17, 1, 3, 18, 14, 4, 20, 19, 16, 11, 10, 6, 2, 15, 12, 13, 9, 5, 8, 7, 0, 22, 21]",5
7,4.9860390905464696e-05,3.5340684195646025e-05,4.24350573156236e-05,0.000636525859734354,1.451970670981867e-05,"[17, 1, 3, 18, 14, 4, 20, 19, 16, 11, 10, 6, 2, 15, 12, 13, 9, 5, 8, 7, 0, 22, 21]",5
8,4.9860390905464696e-05,3.5340684195646025e-05,4.294405736759085e-05,0.0006441608605138627,1.451970670981867e-05,"[17, 1, 3, 18, 14, 4, 20, 19, 16, 11, 10, 6, 2, 15, 12, 13, 9, 5, 8, 7, 0, 22, 21]",5
9,4.9860390905464696e-05,3.6301593639960794e-05,4.313526733987928e-05,0.0006470290100981891,1.3558797265503902e-05,"[17, 1, 3, 18, 14, 4, 20, 19, 16, 11, 10, 6, 2, 15, 12, 13, 9, 5, 8, 7, 0, 22, 21]",5
10,4.9860390905464696e-05,3.9322087216389446e-05,4.369449576789785e-05,0.0006554174365184678,1.053830368907525e-05,"[17, 1, 3, 18, 14, 4, 20, 19, 16, 11, 10, 6, 2, 15, 12, 13, 9, 5, 8, 7, 0, 22, 21]",5
11,5.013285205795358e-05,3.739855641572235e-05,4.413579880593091e-05,0.0006620369820889636,1.2734295642231227e-05,"[17, 1, 3, 19, 14, 4, 20, 18, 16, 11, 10, 6, 2, 15, 12, 13, 9, 5, 8, 7, 0, 22, 21]",11
12,5.013285205795358e-05,4.424974556396301e-05,4.5273576742420686e-05,0.0006791036511363103,5.883106493990571e-06,"[17, 1, 3, 19, 14, 4, 20, 18, 16, 11, 10, 6, 2, 15, 12, 13, 9, 5, 8, 7, 0, 22, 21]",11
13,5.013285205795358e-05,4.614248800295312e-05,4.5646914568246245e-05,0.0006847037185236937,3.990364055000461e-06,"[17, 1, 3, 19, 14, 4, 20, 18, 16, 11, 10, 6, 2, 15, 12, 13, 9, 5, 8, 7, 0, 22, 21]",11
14,5.013285205795358e-05,4.368147468658542e-05,4.4905798934068545e-05,0.0006735869840110281,6.4513773713681594e-06,"[17, 1, 3, 19, 14, 4, 20, 18, 16, 11, 10, 6, 2, 15, 12, 13, 9, 5, 8, 7, 0, 22, 21]",11
15,5.013285205795358e-05,3.8782237735117314e-05,4.402170383725908e-05,0.0006603255575588862,1.1350614322836265e-05,"[17, 1, 3, 19, 14, 4, 20, 18, 16, 11, 10, 6, 2, 15, 12, 13, 9, 5, 8, 7, 0, 22, 21]",11
16,5.013285205795358e-05,3.9380931752845275e-05,4.439672205252739e-05,0.0006659508307879108,1.0751920305108304e-05,"[17, 1, 3, 19, 14, 4, 20, 18, 16, 11, 10, 6, 2, 15, 12, 13, 9, 5, 8, 7, 0, 22, 21]",11
17,5.122163601905445e-05,3.761095230931247e-05,4.3418393676581504e-05,0.0006512759051487226,1.361068370974198e-05,"[17, 15, 3, 19, 14, 4, 20, 18, 16, 11, 10, 6, 2, 1, 12, 13, 9, 5, 8, 7, 0, 22, 21]",17
18,5.122163601905445e-05,3.761095230931247e-05,4.420184622591909e-05,0.0006630276933887863,1.361068370974198e-05,"[17, 15, 3, 19, 14, 4, 20, 18, 16, 11, 10, 6, 2, 1, 12, 13, 9, 5, 8, 7, 0, 22, 21]",17
19,5.122163601905445e-05,3.761095230931247e-05,4.46182890522836e-05,0.000669274335784254,1.361068370974198e-05,"[17, 15, 3, 19, 14, 4, 20, 18, 16, 11, 10, 6, 2, 1, 12, 13, 9, 5, 8, 7, 0, 22, 21]",17

G,1-Máx,2-Mín,3-Promedio,4-Total,5-Rango,6-Cromosoma,7-Estable
0,4.276611213274601e-05,2.7733096677575017e-05,3.159342338118195e-05,0.00047390135071772926,1.5033015455170994e-05,"[19, 18, 4, 0, 9, 1, 2, 20, 13, 8, 7, 5, 6, 16, 14, 10, 17, 22, 21, 15, 3, 11, 12]",0
1,4.276611213274601e-05,2.9302311952413044e-05,3.0786325755725745e-05,0.00046179488633588616,1.3463800180332967e-05,"[19, 18, 4, 0, 9, 1, 2, 20, 13, 8, 7, 5, 6, 16, 14, 10, 17, 22, 21, 15, 3, 11, 12]",0
2,4.276611213274601e-05,2.9202196005139588e-05,3.301346868461377e-05,0.0004952020302692066,1.3563916127606423e-05,"[19, 18, 4, 0, 9, 1, 2, 20, 13, 8, 7, 5, 6, 16, 14, 10, 17, 22, 21, 15, 3, 11, 12]",0
3,4.276611213274601e-05,3.0144088744197264e-05,3.285044539027983e-05,0.0004927566808541975,1.2622023388548746e-05,"[19, 18, 4, 0, 9, 1, 2, 20, 13, 8, 7, 5, 6, 16, 14, 10, 17, 22, 21, 15, 3, 11, 12]",0
4,4.276611213274601e-05,2.87463707706902e-05,3.356216038907131e-05,0.0005034324058360697,1.401974136205581e-05,"[19, 18, 4, 0, 9, 1, 2, 20, 13, 8, 7, 5, 6, 16, 14, 10, 17, 22, 21, 15, 3, 11, 12]",0
5,4.276611213274601e-05,3.004717406327935e-05,3.2921441424453744e-05,0.0004938216213668062,1.2718938069466661e-05,"[19, 18, 4, 0, 9, 1, 2, 20, 13, 8, 7, 5, 6, 16, 14, 10, 17, 22, 21, 15, 3, 11, 12]",0
6,4.276611213274601e-05,3.004717406327935e-05,3.5926825669627587e-05,0.0005389023850444138,1.2718938069466661e-05,"[19, 18, 4, 0, 9, 1, 2, 20, 13, 8, 7, 5, 6, 16, 14, 10, 17, 22, 21, 15, 3, 11, 12]",0
7,4.2951636457349025e-05,2.9968832414289138e-05,3.575542873462106e-05,0.0005363314310193159,1.2982804043059887e-05,"[19, 18, 17, 20, 4, 10, 14, 0, 13, 6, 7, 5, 8, 16, 2, 1, 9, 22, 21, 15, 3, 11, 12]",7
8,4.2951636457349025e-05,2.9968832414289138e-05,3.687571322528165e-05,0.0005531356983792247,1.2982804043059887e-05,"[19, 18, 17, 20, 4, 10, 14, 0, 13, 6, 7, 5, 8, 16, 2, 1, 9, 22, 21, 15, 3, 11, 12]",7
9,4.2951636457349025e-05,2.9968832414289138e-05,3.479895652698794e-05,0.0005219843479048191,1.2982804043059887e-05,"[19, 18, 17, 20, 4, 10, 14, 0, 13, 6, 7, 5, 8, 16, 2, 1, 9, 22, 21, 15, 3, 11, 12]",7
10,4.37368789363191e-05,2.9719448407037566e-05,3.566676158556396e-05,0.0005350014237834594,1.4017430529281535e-05,"[19, 18, 7, 0, 9, 1, 2, 20, 13, 8, 3, 5, 6, 16, 14, 10, 17, 22, 21, 15, 4, 11, 12]",10
11,4.37368789363191e-05,2.9960751415645503e-05,3.5974568624587654e-05,0.0005396185293688148,1.3776127520673598e-05,"[19, 18, 7, 0, 9, 1, 2, 20, 13, 8, 3, 5, 6, 16, 14, 10, 17, 22, 21, 15, 4, 11, 12]",10
12,4.37368789363191e-05,2.9960751415645503e-05,3.666719805634447e-05,0.0005500079708451671,1.3776127520673598e-05,"[19, 18, 7, 0, 9, 1, 2, 20, 13, 8, 3, 5, 6, 16, 14, 10, 17, 22, 21, 15, 4, 11, 12]",10
13,4.3817369205152925e-05,3.1213908917813776e-05,3.913651600529368e-05,0.0005870477400794052,1.2603460287339149e-05,"[19, 18, 7, 0, 9, 1, 3, 20, 13, 8, 2, 5, 6, 16, 14, 10, 17, 22, 21, 15, 4, 11, 12]",13
14,4.3817369205152925e-05,2.8331822302810517e-05,3.860203857242342e-05,0.0005790305785863513,1.5485546902342408e-05,"[19, 18, 7, 0, 9, 1, 3, 20, 13, 8, 2, 5, 6, 16, 14, 10, 17, 22, 21, 15, 4, 11, 12]",13
15,4.3817369205152925e-05,2.733883755262726e-05,3.824796407462322e-05,0.0005737194611193483,1.6478531652525664e-05,"[19, 18, 7, 0, 9, 1, 3, 20, 13, 8, 2, 5, 6, 16, 14, 10, 17, 22, 21, 15, 4, 11, 12]",13
16,4.440694524623651e-05,3.0012905549386236e-05,3.9029490190575815e-05,0.0005854423528586372,1.4394039696850273e-05,"[19, 18, 17, 20, 4, 1, 2, 0, 13, 6, 7, 5, 8, 16, 14, 10, 9, 22, 21, 15, 3, 11, 12]",16
17,4.440694524623651e-05,3.861302031044868e-05,3.9742956024410644e-05,0.0005961443403661597,5.793924935787829e-06,"[19, 18, 17, 20, 4, 1, 2, 0, 13, 6, 7, 5, 8, 16, 14, 10, 9, 22, 21, 15, 3, 11, 12]",16
18,4.440694524623651e-05,3.3025099075297225e-05,3.966377595243024e-05,0.0005949566392864536,1.1381846170939285e-05,"[19, 18, 17, 20, 4, 1, 2, 0, 13, 6, 7, 5, 8, 16, 14, 10, 9, 22, 21, 15, 3, 11, 12]",16
19,4.440694524623651e-05,3.3025099075297225e-05,3.922987817782134e-05,0.0005884481726673201,1.1381846170939285e-05,"[19, 18, 17, 20, 4, 1, 2, 0, 13, 6, 7, 5, 8, 16, 14, 10, 9, 22, 21, 15, 3, 11, 12]",16

G,1-Máx,2-Mín,3-Promedio,4-Total,5-Rango,6-Cromosoma,7-Estable
0,3.8717670744927986e-05,2.7313449142357696e-05,3.331108247890976e-05,0.0004996662371836465,1.140422160257029e-05,"[15, 7, 10, 0, 13, 3, 5, 9, 18, 12, 1, 6, 4, 2, 16, 20, 22, 8, 19, 11, 14, 17, 21]",0
1,3.8717670744927986e-05,2.8633604398121637e-05,3.189583585818122e-05,0.0004784375378727183,1.0084066346806349e-05,"[15, 7, 10, 0, 13, 3, 5, 9, 18, 12, 1, 6, 4, 2, 16, 20, 22, 8, 19, 11, 14, 17, 21]",0
2,3.9119039236396354e-05,3.1462371004278885e-05,3.281150266596376e-05,0.0004921725399894564,7.65666823211747e-06,"[6, 10, 1, 3, 2, 17, 19, 15, 16, 5, 9, 12, 20, 7, 0, 18, 13, 22, 21, 14, 8, 4, 11]",2
3,4.0335592126492416e-05,3.135582591245454e-05,3.2822989578305847e-05,0.0004923448436745877,8.979766214037879e-06,"[14, 10, 1, 3, 2, 4, 6, 8, 16, 5, 9, 12, 20, 7, 0, 18, 13, 22, 21, 15, 19, 17, 11]",3
4,4.0335592126492416e-05,3.08842150776738e-05,3.3378204617754806e-05,0.000500673069266322,9.451377048818615e-06,"[14, 10, 1, 3, 2, 4, 6, 8, 16, 5, 9, 12, 20, 7, 0, 18, 13, 22, 21, 15, 19, 17, 11]",3
5,4.022202558120827e-05,3.08842150776738e-05,3.4202944159685e-05,0.000513044162395275,9.337810503534468e-06,"[14, 10, 1, 3, 2, 4, 12, 8, 16, 5, 9, 6, 20, 7, 0, 18, 13, 22, 21, 15, 19, 17, 11]",5
6,4.2260068461310905e-05,3.1806615776081425e-05,3.4918007398975353e-05,0.0005237701109846303,1.0453452685229481e-05,"[8, 10, 1, 3, 2, 4, 6, 15, 16, 5, 9, 12, 20, 7, 0, 18, 13, 22, 21, 14, 19, 17, 11]",6
7,4.2260068461310905e-05,2.86368843069874e-05,3.441267762479325e-05,0.0005161901643718987,1.3623184154323506e-05,"[8, 10, 1, 3, 2, 4, 6, 15, 16, 5, 9, 12, 20, 7, 0, 18, 13, 22, 21, 14, 19, 17, 11]",6
8,4.2260068461310905e-05,2.86368843069874e-05,3.623264355990658e-05,0.0005434896533985987,1.3623184154323506e-05,"[8, 10, 1, 3, 2, 4, 6, 15, 16, 5, 9, 12, 20, 7, 0, 18, 13, 22, 21, 14, 19, 17, 11]",6
9,4.2260068461310905e-05,3.132145206251762e-05,3.6083159992112345e-05,0.0005412473998816852,1.0938616398793284e-05,"[8, 10, 1, 3, 2, 4, 6, 15, 16, 5, 9, 12, 20, 7, 0, 18, 13, 22, 21, 14, 19, 17, 11]",6
10,4.525501199257818e-05,3.132145206251762e-05,3.7113006155511825e-05,0.0005566950923326774,1.393355993006056e-05,"[8, 10, 1, 3, 2, 4, 12, 15, 16, 5, 9, 6, 20, 7, 0, 18, 13, 22, 21, 14, 19, 17, 11]",10
11,4.525501199257818e-05,3.243593902043464e-05,3.8299588497480646e-05,0.0005744938274622097,1.281907297214354e-05,"[8, 10, 1, 3, 2, 4, 12, 15, 16, 5, 9, 6, 20, 7, 0, 18, 13, 22, 21, 14, 19, 17, 11]",10
12,4.525501199257818e-05,3.243593902043464e-05,3.782757843071941e-05,0.0005674136764607911,1.281907297214354e-05,"[8, 10, 1, 3, 2, 4, 12, 15, 16, 5, 9, 6, 20, 7, 0, 18, 13, 22, 21, 14, 19, 17, 11]",10
13,4.525501199257818e-05,3.5577059911768894e-05,4.0217818770426775e-05,0.0006032672815564017,9.677952080809288e-06,"[8, 10, 1, 3, 2, 4, 12, 15, 16, 5, 9, 6, 20, 7, 0, 18, 13, 22, 21, 14, 19, 17, 11]",10
14,4.7641734159123394e-05,3.581661891117478e-05,4.0907802139501834e-05,0.0006136170320925275,1.1825115247948611e-05,"[8, 10, 1, 3, 2, 4, 12, 15, 16, 5, 9, 6, 20, 18, 0, 7, 13, 22, 21, 14, 19, 17, 11]",14
15,4.7641734159123394e-05,3.8566855644259326e-05,4.069019734395518e-05,0.0006103529601593277,9.074878514864068e-06,"[8, 10, 1, 3, 2, 4, 12, 15, 16, 5, 9, 6, 20, 18, 0, 7, 13, 22, 21, 14, 19, 17, 11]",14
16,4.7641734159123394e-05,3.985810514568138e-05,4.083467765359525e-05,0.0006125201648039287,7.783629013442017e-06,"[8, 10, 1, 3, 2, 4, 12, 15, 16, 5, 9, 6, 20, 18, 0, 7, 13, 22, 21, 14, 19, 17, 11]",14
17,4.7641734159123394e-05,4.1835752834372257e-05,4.22838027607879e-05,0.0006342570414118185,5.805981324751137e-06,"[8, 10, 1, 3, 2, 4, 12, 15, 16, 5, 9, 6, 20, 18, 0, 7, 13, 22, 21, 14, 19, 17, 11]",14
18,4.7641734159123394e-05,4.1835752834372257e-05,4.206591861567968e-05,0.0006309887792351952,5.805981324751137e-06,"[8, 10, 1, 3, 2, 4, 12, 15, 16, 5, 9, 6, 20, 18, 0, 7, 13, 22, 21, 14, 19, 17, 11]",14
19,4.7641734159123394e-05,3.7380382775119616e-05,4.135710396846316e-05,0.0006203565595269474,1.0261351384003778e-05,"[8, 10, 1, 3, 2, 4, 12, 15, 16, 5, 9, 6, 20, 18, 0, 7, 13, 22, 21, 14, 19, 17, 11]",14

G,1-Máx,2-Mín,3-Promedio,4-Total,5-Rango,6-Cromosoma,7-Estable
0,3.769317753486619e-05,2.7693159789531986e-05,3.2069118889735365e-05,0.00048103678334603046,1.0000017745334203e-05,"[8, 2, 12, 5, 15, 1, 10, 16, 18, 9, 4, 13, 14, 17, 11, 19, 0, 7, 20, 22, 3, 6, 21]",0
1,3.769317753486619e-05,2.8603300820914735e-05,3.098987242369369e-05,0.0004648480863554053,9.089876713951454e-06,"[8, 2, 12, 5, 15, 1, 10, 16, 18, 9, 4, 13, 14, 17, 11, 19, 0, 7, 20, 22, 3, 6, 21]",0
2,3.943373161402263e-05,2.914262400186513e-05,3.2137542217646746e-05,0.00048206313326470116,1.0291107612157504e-05,"[16, 15, 8, 5, 13, 12, 1, 3, 7, 2, 11, 14, 17, 0, 20, 18, 10, 4, 6, 21, 19, 9, 22]",2
3,4.1269448227477196e-05,2.9048656499636893e-05,3.21031082059767e-05,0.0004815466230896504,1.2220791727840303e-05,"[1, 2, 8, 5, 15, 12, 10, 16, 18, 9, 4, 13, 14, 17, 11, 19, 0, 7, 20, 22, 3, 6, 21]",3
4,4.1269448227477196e-05,3.067766972420775e-05,3.35689493869609e-05,0.0005035342408044136,1.0591778503269446e-05,"[1, 2, 8, 5, 15, 12, 10, 16, 18, 9, 4, 13, 14, 17, 11, 19, 0, 7, 20, 22, 3, 6, 21]",3
5,4.1269448227477196e-05,3.1268565710890844e-05,3.422241735727056e-05,0.0005133362603590584,1.0000882516586352e-05,"[1, 2, 8, 5, 15, 12, 10, 16, 18, 9, 4, 13, 14, 17, 11, 19, 0, 7, 20, 22, 3, 6, 21]",3
6,4.148000663680106e-05,3.33044694598015e-05,3.589588970722181e-05,0.0005384383456083271,8.17553717699956e-06,"[1, 3, 8, 5, 15, 12, 10, 16, 7, 2, 11, 13, 14, 17, 20, 18, 0, 4, 6, 21, 19, 9, 22]",6
7,4.1762372102735435e-05,3.3716578441619744e-05,3.6778749492737885e-05,0.0005516812423910683,8.045793661115691e-06,"[1, 2, 8, 5, 15, 9, 10, 16, 18, 12, 4, 13, 14, 17, 11, 19, 0, 7, 20, 22, 3, 6, 21]",7
8,4.1762372102735435e-05,3.33000333000333e-05,3.6550430077427794e-05,0.0005482564511614169,8.462338802702135e-06,"[1, 2, 8, 5, 15, 9, 10, 16, 18, 12, 4, 13, 14, 17, 11, 19, 0, 7, 20, 22, 3, 6, 21]",7
9,4.1762372102735435e-05,3.378036009863865e-05,3.693464447463776e-05,0.0005540196671195664,7.982012004096785e-06,"[1, 2, 8, 5, 15, 9, 10, 16, 18, 12, 4, 13, 14, 17, 11, 19, 0, 7, 20, 22, 3, 6, 21]",7
10,4.1762372102735435e-05,3.378036009863865e-05,3.796492047637656e-05,0.0005694738071456484,7.982012004096785e-06,"[1, 2, 8, 5, 15, 9, 10, 16, 18, 12, 4, 13, 14, 17, 11, 19, 0, 7, 20, 22, 3, 6, 21]",7
11,4.381161007667032e-05,3.848225967828831e-05,3.8578569372342015e-05,0.0005786785405851303,5.329350398382011e-06,"[1, 2, 8, 5, 3, 4, 18, 16, 15, 12, 11, 13, 14, 9, 0, 19, 10, 7, 20, 22, 17, 6, 21]",11
12,4.381161007667032e-05,4.1656252603515784e-05,3.923022179256712e-05,0.0005884533268885069,2.1553574731545343e-06,"[1, 2, 8, 5, 3, 4, 18, 16, 15, 12, 11, 13, 14, 9, 0, 19, 10, 7, 20, 22, 17, 6, 21]",11
13,4.381161007667032e-05,3.7870181019465275e-05,3.920732990239129e-05,0.0005881099485358694,5.941429057205044e-06,"[1, 2, 8, 5, 3, 4, 18, 16, 15, 12, 11, 13, 14, 9, 0, 19, 10, 7, 20, 22, 17, 6, 21]",11
14,4.381161007667032e-05,3.7870181019465275e-05,3.942936759196096e-05,0.0005914405138794143,5.941429057205044e-06,"[1, 2, 8, 5, 3, 4, 18, 16, 15, 12, 11, 13, 14, 9, 0, 19, 10, 7, 20, 22, 17, 6, 21]",11
15,4.381161007667032e-05,3.7870181019465275e-05,3.971771338775963e-05,0.0005957657008163944,5.941429057205044e-06,"[1, 2, 8, 5, 3, 4, 18, 16, 15, 12, 11, 13, 14, 9, 0, 19, 10, 7, 20, 22, 17, 6, 21]",11
16,4.381161007667032e-05,3.8665274716776864e-05,4.009654830126894e-05,0.0006014482245190341,5.146335359893455e-06,"[1, 2, 8, 5, 3, 4, 18, 16, 15, 12, 11, 13, 14, 9, 0, 19, 10, 7, 20, 22, 17, 6, 21]",11
17,4.381161007667032e-05,3.8665274716776864e-05,4.031520661885604e-05,0.0006047280992828406,5.146335359893455e-06,"[1, 2, 8, 5, 3, 4, 18, 16, 15, 12, 11, 13, 14, 9, 0, 19, 10, 7, 20, 22, 17, 6, 21]",11
18,4.381161007667032e-05,3.8665274716776864e-05,3.996071210823825e-05,0.0005994106816235738,5.146335359893455e-06,"[1, 2, 8, 5, 3, 4, 18, 16, 15, 12, 11, 13, 14, 9, 0, 19, 10, 7, 20, 22, 17, 6, 21]",11
19,4.385580212262082e-05,3.8665274716776864e-05,4.002874476685289e-05,0.0006004311715027933,5.1905274058439556e-06,"[1, 2, 3, 5, 8, 4, 18, 16, 15, 12, 11, 13, 14, 9, 0, 19, 10, 7, 20, 22, 17, 6, 21]",19

